"Industry","Year","Revenue","Operating_Cost","Profit"
"Industry01",1,1009.16476951593,625.958473426775,383.206296089157
"Industry01",2,982.934346172082,600.652091953745,382.282254218337
"Industry02",1,380.186999330441,326.041718893812,54.1452804366291
"Industry02",2,443.827122643412,402.160118440908,41.6670042025042
"Industry03",1,282.502647766945,162.880018631695,119.62262913525
"Industry03",2,290.402834615782,168.230333125496,122.172501490285
"Industry04",1,355.984569354384,218.351781257852,137.632788096532
"Industry04",2,370.189561428599,230.260028114361,139.929533314238
"Industry05",1,167.060397453787,112.013490626308,55.0469068274793
"Industry05",2,158.846408344632,106.32048000607,52.5259283385617
"Industry06",1,259.888953839263,218.053182022104,41.8357718171596
"Industry06",2,312.334022795265,281.439252969851,30.894769825414
"Industry07",1,9.69735998816937,9.2124919887609,0.484867999408468
"Industry07",2,18.9098519769303,20.267482375274,-1.35763039834372
"Industry08",1,202.500825994075,113.61006692,88.8907590740755
"Industry08",2,205.637637907424,115.391666697239,90.2459712101853
"Industry09",1,365.998440670682,273.621065838563,92.3773748321189
"Industry09",2,343.206555187847,252.667239033975,90.5393161538729
"Industry10",1,352.483083475188,293.02406994275,59.4590135324387
"Industry10",2,421.16338793191,357.062342213855,64.101045718055
"Industry11",1,1277.33092548144,757.865048423144,519.465877058296
"Industry11",2,1304.86579174961,788.94436421794,515.921427531672
"Industry12",1,254.781421786366,159.978008345038,94.8034134413273
"Industry12",2,251.540021454162,157.16952116966,94.3705002845021
"Industry13",1,295.816015382012,218.637685696125,77.1783296858864
"Industry13",2,257.451889168553,192.749684470478,64.7022046980756
"Industry14",1,451.386613008617,269.853075476225,181.533537532392
"Industry14",2,475.633000129173,276.801645316776,198.831354812397
"Industry15",1,264.391388521667,228.807713874011,35.5836746476552
"Industry15",2,335.830492091832,307.289327743493,28.5411643483383
"Industry16",1,287.812141180105,248.08777821602,39.7243629640846
"Industry16",2,346.476494418191,322.108246755145,24.3682476630456
"Industry17",1,233.427793535487,210.058331849862,23.3694616856249
"Industry17",2,290.876920542838,251.540655262909,39.3362652799289
"Industry18",1,237.715258107294,143.940836297245,93.7744218100493
"Industry18",2,242.73285196222,144.648013852164,98.0848381100569
"Industry19",1,384.503603706534,234.595435185547,149.908168520987
"Industry19",2,399.299084906816,244.06228041552,155.236804491296
"Industry20",1,428.951987162627,260.352854504151,168.599132658475
"Industry20",2,428.188729828426,260.1690466605,168.019683167925
"Industry21",1,159.788276050909,94.6674025634467,65.1208734874624
"Industry21",2,167.44367241802,97.1812941132548,70.2623783047656
"Industry22",1,329.732351557958,198.483176837351,131.249174720606
"Industry22",2,351.100471960249,202.953610506254,148.146861453996
"Industry23",1,244.474087582571,154.697064587482,89.7770229950894
"Industry23",2,254.946195951181,159.271650182587,95.6745457685949
"Industry24",1,248.311639868359,144.638587858567,103.673052009792
"Industry24",2,262.351272907023,153.869303323656,108.481969583368
"Industry25",1,442.224284913808,377.505999026641,64.7182858871669
"Industry25",2,508.371024418123,464.399334166009,43.9716902521138
"Industry26",1,730.663863651364,458.303511219838,272.360352431526
"Industry26",2,756.900450083381,472.079532677723,284.820917405658
"Industry27",1,1358.29876235014,808.605546770319,549.693215579824
"Industry27",2,1486.22429964012,851.115951049643,635.108348590481
"Industry28",1,321.878249866832,263.424681946991,58.4535679198407
"Industry28",2,376.769517077008,345.053296623424,31.7162204535845
"Industry29",1,1314.8610878327,912.390644702978,402.47044312972
"Industry29",2,1220.20404066315,856.067912799928,364.136127863225
"Industry30",1,211.136241076741,149.54699493779,61.5892461389509
"Industry30",2,190.992429782435,141.265407496637,49.7270222857978
"Industry31",1,791.956126867437,653.030785376825,138.925341490612
"Industry31",2,971.488502994618,838.525413334557,132.963089660061
"Industry32",1,23592.328431942,14627.243627804,8965.08480413796
"Industry32",2,23639.5130888059,14685.7526023153,8953.76048649063
"Industry33",1,402.571190038532,284.846253797019,117.724936241513
"Industry33",2,386.583214825189,277.450398020277,109.132816804913
"Industry34",1,346.294028608716,206.508629201583,139.785399407132
"Industry34",2,333.84274516408,206.556644302486,127.286100861594
"Industry35",1,523.346711888464,451.235649216593,72.1110626718712
"Industry35",2,617.223759562523,537.104731712587,80.1190278499365
"Industry36",1,1696.29923937635,1038.97083763098,657.328401745368
"Industry36",2,1736.32899243726,1104.81894975079,631.510042686475
"Industry37",1,226.730073314845,204.135553656845,22.5945196579999
"Industry37",2,264.615596597869,247.047608809997,17.5679877878717
"Industry38",1,1109.71373260501,796.706978754487,313.006753850518
"Industry38",2,967.886708335666,779.858146258928,188.028562076738
"Industry39",1,1252.22658909054,743.300668064882,508.925921025657
"Industry39",2,1293.04750106154,752.75631294478,540.291188116757
"Industry40",1,620.926865755642,390.823858841302,230.103006914341
"Industry40",2,655.282637239252,401.666167626289,253.616469612963
"Industry41",1,445.152337153799,343.270269192415,101.882067961384
"Industry41",2,415.307071386672,334.857342385704,80.4497290009675
"Industry42",1,366.7905772742,312.247835848051,54.5427414261482
"Industry42",2,463.50656451451,387.391208553742,76.1153559607675
"Industry43",1,487.753748734786,409.723040791025,78.0307079437611
"Industry43",2,620.263801436623,520.573077760228,99.6907236763951
"Industry44",1,809.190595741112,456.023642182299,353.166953558814
"Industry44",2,866.678926910458,464.19267792372,402.486248986737
"Industry45",1,2333.23497905417,2082.03393599744,251.201043056729
"Industry45",2,2940.7169642801,2560.24302028743,380.473943992672
"Industry46",1,455.458180144563,265.645232663824,189.812947480739
"Industry46",2,457.485311786333,266.46236473947,191.022947046864
"Industry47",1,202.133809895225,164.999224759452,37.1345851357726
"Industry47",2,261.940328466694,222.000778855448,39.9395496112468
"Industry48",1,290.617235047142,273.561774568506,17.0554604786365
"Industry48",2,358.869502503342,330.183173238123,28.6863292652196
"Industry49",1,562.049687183677,339.871685365882,222.178001817795
"Industry49",2,571.915146988534,353.92142722693,217.993719761604
"Industry50",1,435.029550283056,369.341063394578,65.6884868884773
"Industry50",2,520.626658477603,444.272334531813,76.3543239457906
