sp500_symbol_original,sp500_company,sp500_weight_raw,sp500_sector_raw,symbol_yahoo,sp500_sector_clean,sp500_weight,is_sp500,universe_as_of,universe_build_id,universe_symbol_hash
NVDA,NVIDIA CORP,0.079787982844421,,NVDA,,0.07991008157889769,TRUE,2026-08-22,U_2026-08-22_105850,ada3c779e8d04137
AAPL,APPLE INC,0.06945690417051575,,AAPL,,0.06956319336091206,TRUE,2026-08-22,U_2026-08-22_105850,ada3c779e8d04137
MSFT,MICROSOFT CORP,0.054295882486033904,,MSFT,,0.05437897091993712,TRUE,2026-08-22,U_2026-08-22_105850,ada3c779e8d04137
AMZN,AMAZON.COM INC,0.03868182551161102,,AMZN,,0.03874101991374831,TRUE,2026-08-22,U_2026-08-22_105850,ada3c779e8d04137
GOOGL,ALPHABET INC CL A,0.03034660419789168,,GOOGL,,0.030393043296063297,TRUE,2026-08-22,U_2026-08-22_105850,ada3c779e8d04137
AVGO,BROADCOM INC,0.02618365369831232,,AVGO,,0.026223722275892147,TRUE,2026-08-22,U_2026-08-22_105850,ada3c779e8d04137
GOOG,ALPHABET INC CL C,0.0242831295556225,,GOOG,,0.02432028978053577,TRUE,2026-08-22,U_2026-08-22_105850,ada3c779e8d04137
META,META PLATFORMS INC CLASS A,0.018209224561328948,,META,,0.0182370899515228,TRUE,2026-08-22,U_2026-08-22_105850,ada3c779e8d04137
MU,MICRON TECHNOLOGY INC,0.016691483337562645,,MU,,0.016717026143877586,TRUE,2026-08-22,U_2026-08-22_105850,ada3c779e8d04137
LLY,ELI LILLY + CO,0.014953524681457999,,LLY,,0.014976407907408604,TRUE,2026-08-22,U_2026-08-22_105850,ada3c779e8d04137
TSLA,TESLA INC,0.014759888146224935,,TSLA,,0.014782475052165213,TRUE,2026-08-22,U_2026-08-22_105850,ada3c779e8d04137
JPM,JPMORGAN CHASE + CO,0.014309272937961658,,JPM,,0.014331170272055356,TRUE,2026-08-22,U_2026-08-22_105850,ada3c779e8d04137
BRK-B,BERKSHIRE HATHAWAY INC CL B,0.013837227006411466,,BRK-B,,0.013858401973441825,TRUE,2026-08-22,U_2026-08-22_105850,ada3c779e8d04137
AMD,ADVANCED MICRO DEVICES,0.011628082447782613,,AMD,,0.01164587678347892,TRUE,2026-08-22,U_2026-08-22_105850,ada3c779e8d04137
XOM,EXXONMOBIL HOLDINGS CORP,0.010460883054803099,,XOM,,0.010476891237200572,TRUE,2026-08-22,U_2026-08-22_105850,ada3c779e8d04137
JNJ,JOHNSON + JOHNSON,0.009776239948098248,,JNJ,,0.009791200428148617,TRUE,2026-08-22,U_2026-08-22_105850,ada3c779e8d04137
V,VISA INC CLASS A SHARES,0.009219421155463998,,V,,0.00923352954140834,TRUE,2026-08-22,U_2026-08-22_105850,ada3c779e8d04137
MA,MASTERCARD INC A,0.0070325373481355,,MA,,0.007043299168145935,TRUE,2026-08-22,U_2026-08-22_105850,ada3c779e8d04137
ABBV,ABBVIE INC,0.007026017128078073,,ABBV,,0.007036768970262411,TRUE,2026-08-22,U_2026-08-22_105850,ada3c779e8d04137
INTC,INTEL CORP,0.00691111325007219,,INTC,,0.006921689256026674,TRUE,2026-08-22,U_2026-08-22_105850,ada3c779e8d04137
WMT,WALMART INC,0.006898022808269779,,WMT,,0.006908578782054997,TRUE,2026-08-22,U_2026-08-22_105850,ada3c779e8d04137
CSCO,CISCO SYSTEMS INC,0.006574481888763746,,CSCO,,0.0065845427511873915,TRUE,2026-08-22,U_2026-08-22_105850,ada3c779e8d04137
COST,COSTCO WHOLESALE CORP,0.006290212294664945,,COST,,0.006299838142234821,TRUE,2026-08-22,U_2026-08-22_105850,ada3c779e8d04137
BAC,BANK OF AMERICA CORP,0.00613402702341204,,BAC,,0.0061434138622579945,TRUE,2026-08-22,U_2026-08-22_105850,ada3c779e8d04137
PLTR,PALANTIR TECHNOLOGIES INC A,0.006065884723609422,,PLTR,,0.006075167284990605,TRUE,2026-08-22,U_2026-08-22_105850,ada3c779e8d04137
AMAT,APPLIED MATERIALS INC,0.005983151931377685,,AMAT,,0.005992307887612691,TRUE,2026-08-22,U_2026-08-22_105850,ada3c779e8d04137
LRCX,LAM RESEARCH CORP,0.005899989124632957,,LRCX,,0.005909017817674973,TRUE,2026-08-22,U_2026-08-22_105850,ada3c779e8d04137
CVX,CHEVRON CORP,0.005850497454289083,,CVX,,0.005859450410733924,TRUE,2026-08-22,U_2026-08-22_105850,ada3c779e8d04137
CAT,CATERPILLAR INC,0.005703972509072182,,CAT,,0.005712701239891277,TRUE,2026-08-22,U_2026-08-22_105850,ada3c779e8d04137
MRK,MERCK + CO. INC.,0.005590268671567665,,MRK,,0.005598823402566617,TRUE,2026-08-22,U_2026-08-22_105850,ada3c779e8d04137
GE,GENERAL ELECTRIC,0.005461024309570448,,GE,,0.005469381259243498,TRUE,2026-08-22,U_2026-08-22_105850,ada3c779e8d04137
KO,COCA COLA CO/THE,0.005321689607024237,,KO,,0.005329833334226395,TRUE,2026-08-22,U_2026-08-22_105850,ada3c779e8d04137
UNH,UNITEDHEALTH GROUP INC,0.005307929142608563,,UNH,,0.0053160518123126985,TRUE,2026-08-22,U_2026-08-22_105850,ada3c779e8d04137
NFLX,NETFLIX INC,0.005124412948937027,,NFLX,,0.005132254785686067,TRUE,2026-08-22,U_2026-08-22_105850,ada3c779e8d04137
HD,HOME DEPOT INC,0.0050593007514003595,,HD,,0.005067042947619149,TRUE,2026-08-22,U_2026-08-22_105850,ada3c779e8d04137
PG,PROCTER + GAMBLE CO/THE,0.005055600626521145,,PG,,0.005063337160476658,TRUE,2026-08-22,U_2026-08-22_105850,ada3c779e8d04137
PM,PHILIP MORRIS INTERNATIONAL,0.00453290298547576,,PM,,0.004539839640574704,TRUE,2026-08-22,U_2026-08-22_105850,ada3c779e8d04137
GS,GOLDMAN SACHS GROUP INC,0.004488491486587673,,GS,,0.004495360179223885,TRUE,2026-08-22,U_2026-08-22_105850,ada3c779e8d04137
RTX,RTX CORP,0.004343016576809467,,RTX,,0.004349662650678432,TRUE,2026-08-22,U_2026-08-22_105850,ada3c779e8d04137
PANW,PALO ALTO NETWORKS INC,0.004305235301691432,,PANW,,0.004311823559261321,TRUE,2026-08-22,U_2026-08-22_105850,ada3c779e8d04137
GEV,GE VERNOVA INC,0.003944963142506059,,GEV,,0.003951000079273797,TRUE,2026-08-22,U_2026-08-22_105850,ada3c779e8d04137
WFC,WELLS FARGO + CO,0.0038895312716804194,,WFC,,0.0038954833816229116,TRUE,2026-08-22,U_2026-08-22_105850,ada3c779e8d04137
MS,MORGAN STANLEY,0.003776147444976268,,MS,,0.003781926044807874,TRUE,2026-08-22,U_2026-08-22_105850,ada3c779e8d04137
KLAC,KLA CORP,0.003687994469813356,,KLAC,,0.003693638170048256,TRUE,2026-08-22,U_2026-08-22_105850,ada3c779e8d04137
TXN,TEXAS INSTRUMENTS INC,0.0036717739223698803,,TXN,,0.0036773928004668493,TRUE,2026-08-22,U_2026-08-22_105850,ada3c779e8d04137
ORCL,ORACLE CORP,0.0036634136402103573,,ORCL,,0.003669019724653004,TRUE,2026-08-22,U_2026-08-22_105850,ada3c779e8d04137
SNDK,SANDISK CORP,0.0036024015810533607,,SNDK,,0.003607914299365604,TRUE,2026-08-22,U_2026-08-22_105850,ada3c779e8d04137
TMO,THERMO FISHER SCIENTIFIC INC,0.003542199549234787,,TMO,,0.0035476201409931824,TRUE,2026-08-22,U_2026-08-22_105850,ada3c779e8d04137
AMGN,AMGEN INC,0.0035356093268147804,,AMGN,,0.0035410198336231777,TRUE,2026-08-22,U_2026-08-22_105850,ada3c779e8d04137
LIN,LINDE PLC,0.003378754032948612,,LIN,,0.003383924505704333,TRUE,2026-08-22,U_2026-08-22_105850,ada3c779e8d04137
C,CITIGROUP INC,0.003358203339362704,,C,,0.0033633423636021194,TRUE,2026-08-22,U_2026-08-22_105850,ada3c779e8d04137
MRVL,MARVELL TECHNOLOGY INC,0.0033366626123631673,,MRVL,,0.0033417686730482657,TRUE,2026-08-22,U_2026-08-22_105850,ada3c779e8d04137
IBM,INTL BUSINESS MACHINES CORP,0.003334932553973697,,IBM,,0.003340035967168128,TRUE,2026-08-22,U_2026-08-22_105850,ada3c779e8d04137
VZ,VERIZON COMMUNICATIONS INC,0.0031195252839783345,,VZ,,0.003124299061629594,TRUE,2026-08-22,U_2026-08-22_105850,ada3c779e8d04137
ABT,ABBOTT LABORATORIES,0.003019461906839356,,ABT,,0.0030240825585275246,TRUE,2026-08-22,U_2026-08-22_105850,ada3c779e8d04137
PEP,PEPSICO INC,0.0029492595375093912,,PEP,,0.002953772759229451,TRUE,2026-08-22,U_2026-08-22_105850,ada3c779e8d04137
CRWD,CROWDSTRIKE HOLDINGS INC A,0.0029436193471529667,,CRWD,,0.002948123937747383,TRUE,2026-08-22,U_2026-08-22_105850,ada3c779e8d04137
MCD,MCDONALD S CORP,0.0029041780160080403,,MCD,,0.0029086222499366135,TRUE,2026-08-22,U_2026-08-22_105850,ada3c779e8d04137
STX,SEAGATE TECHNOLOGY HOLDINGS,0.0028947276970597764,,STX,,0.002899157469261873,TRUE,2026-08-22,U_2026-08-22_105850,ada3c779e8d04137
ANET,ARISTA NETWORKS INC,0.002881677256607411,,ANET,,0.002886087057853898,TRUE,2026-08-22,U_2026-08-22_105850,ada3c779e8d04137
APH,AMPHENOL CORP CL A,0.002860886554921229,,APH,,0.0028652645403694685,TRUE,2026-08-22,U_2026-08-22_105850,ada3c779e8d04137
DIS,WALT DISNEY CO/THE,0.002830255521123838,,DIS,,0.0028345866322141973,TRUE,2026-08-22,U_2026-08-22_105850,ada3c779e8d04137
ADI,ANALOG DEVICES INC,0.0027452026505894577,,ADI,,0.002749403606141531,TRUE,2026-08-22,U_2026-08-22_105850,ada3c779e8d04137
UNP,UNION PACIFIC CORP,0.0027407625007344,,UNP,,0.0027449566615705416,TRUE,2026-08-22,U_2026-08-22_105850,ada3c779e8d04137
SCHW,SCHWAB (CHARLES) CORP,0.0027257719948048246,,SCHW,,0.0027299432158229896,TRUE,2026-08-22,U_2026-08-22_105850,ada3c779e8d04137
GILD,GILEAD SCIENCES INC,0.0027045212775931187,,GILD,,0.00270865997885598,TRUE,2026-08-22,U_2026-08-22_105850,ada3c779e8d04137
NEE,NEXTERA ENERGY INC,0.0026928708843923484,,NEE,,0.0026969917571775964,TRUE,2026-08-22,U_2026-08-22_105850,ada3c779e8d04137
AXP,AMERICAN EXPRESS CO,0.002676570334248781,,AXP,,0.0026806662624687845,TRUE,2026-08-22,U_2026-08-22_105850,ada3c779e8d04137
T,AT+T INC,0.0026538095660728553,,T,,0.0026578706637220015,TRUE,2026-08-22,U_2026-08-22_105850,ada3c779e8d04137
BA,BOEING CO/THE,0.002575186912558299,,BA,,0.002579127694764529,TRUE,2026-08-22,U_2026-08-22_105850,ada3c779e8d04137
QCOM,QUALCOMM INC,0.0025728568339181447,,QCOM,,0.002576794050428852,TRUE,2026-08-22,U_2026-08-22_105850,ada3c779e8d04137
CRM,SALESFORCE INC,0.002552006130206894,,CRM,,0.0025559114390988685,TRUE,2026-08-22,U_2026-08-22_105850,ada3c779e8d04137
WELL,WELLTOWER INC,0.00254485588888625,,WELL,,0.002548750255837028,TRUE,2026-08-22,U_2026-08-22_105850,ada3c779e8d04137
BLK,BLACKROCK INC,0.0024990943444341248,,BLK,,0.0025029186829612464,TRUE,2026-08-22,U_2026-08-22_105850,ada3c779e8d04137
COP,CONOCOPHILLIPS,0.0024954342209049557,,COP,,0.002499252958382458,TRUE,2026-08-22,U_2026-08-22_105850,ada3c779e8d04137
BKNG,BOOKING HOLDINGS INC,0.0024696133494505443,,BKNG,,0.002473392573512426,TRUE,2026-08-22,U_2026-08-22_105850,ada3c779e8d04137
WDC,WESTERN DIGITAL CORP,0.0024544428374457636,,WDC,,0.002458198846228212,TRUE,2026-08-22,U_2026-08-22_105850,ada3c779e8d04137
ETN,EATON CORP PLC,0.002449012654177079,,ETN,,0.0024527603532055837,TRUE,2026-08-22,U_2026-08-22_105850,ada3c779e8d04137
UBER,UBER TECHNOLOGIES INC,0.0024281119487782714,,UBER,,0.0024318276636709716,TRUE,2026-08-22,U_2026-08-22_105850,ada3c779e8d04137
PFE,PFIZER INC,0.002404251143476092,,PFE,,0.002407930344422367,TRUE,2026-08-22,U_2026-08-22_105850,ada3c779e8d04137
DE,DEERE + CO,0.0023684999368728697,,DE,,0.002372124428113163,TRUE,2026-08-22,U_2026-08-22_105850,ada3c779e8d04137
TJX,TJX COMPANIES INC,0.002362639739091194,,TJX,,0.002366255262530731,TRUE,2026-08-22,U_2026-08-22_105850,ada3c779e8d04137
VRTX,VERTEX PHARMACEUTICALS INC,0.002081090236795492,,VRTX,,0.0020842749079099374,TRUE,2026-08-22,U_2026-08-22_105850,ada3c779e8d04137
NEM,NEWMONT CORP,0.0020680097953305926,,NEM,,0.0020711744495791854,TRUE,2026-08-22,U_2026-08-22_105850,ada3c779e8d04137
DHR,DANAHER CORP,0.002064159665388707,,DHR,,0.0020673184278228096,TRUE,2026-08-22,U_2026-08-22_105850,ada3c779e8d04137
NOW,SERVICENOW INC,0.0020316585684766863,,NOW,,0.002034767594814442,TRUE,2026-08-22,U_2026-08-22_105850,ada3c779e8d04137
BMY,BRISTOL MYERS SQUIBB CO,0.0020291084824112814,,BMY,,0.0020322136063784008,TRUE,2026-08-22,U_2026-08-22_105850,ada3c779e8d04137
PLD,PROLOGIS INC,0.0020243283210808365,,PLD,,0.0020274261300159396,TRUE,2026-08-22,U_2026-08-22_105850,ada3c779e8d04137
ISRG,INTUITIVE SURGICAL INC,0.0020130479403679875,,ISRG,,0.0020161284870518045,TRUE,2026-08-22,U_2026-08-22_105850,ada3c779e8d04137
COF,CAPITAL ONE FINANCIAL CORP,0.0020075977564242794,,COF,,0.0020106699627473242,TRUE,2026-08-22,U_2026-08-22_105850,ada3c779e8d04137
SPGI,S+P GLOBAL INC,0.0019886971185277508,,SPGI,,0.0019917404013978434,TRUE,2026-08-22,U_2026-08-22_105850,ada3c779e8d04137
PGR,PROGRESSIVE CORP,0.001953975946688201,,PGR,,0.001956966096103981,TRUE,2026-08-22,U_2026-08-22_105850,ada3c779e8d04137
PH,PARKER HANNIFIN CORP,0.0019139145946175684,,PH,,0.0019168434385558207,TRUE,2026-08-22,U_2026-08-22_105850,ada3c779e8d04137
DELL,DELL TECHNOLOGIES C,0.0019095444471250906,,DELL,,0.0019124666034713112,TRUE,2026-08-22,U_2026-08-22_105850,ada3c779e8d04137
CB,CHUBB LTD,0.0018769833481880015,,CB,,0.0018798556766173897,TRUE,2026-08-22,U_2026-08-22_105850,ada3c779e8d04137
LOW,LOWE S COS INC,0.0018472923461166815,,LOW,,0.00185011923870913,TRUE,2026-08-22,U_2026-08-22_105850,ada3c779e8d04137
CVS,CVS HEALTH CORP,0.0018134512039781343,,CVS,,0.0018162263098167252,TRUE,2026-08-22,U_2026-08-22_105850,ada3c779e8d04137
GLW,CORNING INC,0.0018002107571130528,,GLW,,0.0018029656012311629,TRUE,2026-08-22,U_2026-08-22_105850,ada3c779e8d04137
SBUX,STARBUCKS CORP,0.001798660704798787,,SBUX,,0.0018014131768876865,TRUE,2026-08-22,U_2026-08-22_105850,ada3c779e8d04137
MDT,MEDTRONIC PLC,0.001798330693660911,,MDT,,0.00180108266073714,TRUE,2026-08-22,U_2026-08-22_105850,ada3c779e8d04137
LMT,LOCKHEED MARTIN CORP,0.001760679422930524,,LMT,,0.001763373772652062,TRUE,2026-08-22,U_2026-08-22_105850,ada3c779e8d04137
SYK,STRYKER CORP,0.0017158379095294468,,SYK,,0.0017184636387414405,TRUE,2026-08-22,U_2026-08-22_105850,ada3c779e8d04137
MO,ALTRIA GROUP INC,0.0016962272476696088,,MO,,0.0016988229668862377,TRUE,2026-08-22,U_2026-08-22_105850,ada3c779e8d04137
ADP,AUTOMATIC DATA PROCESSING,0.0016935771582290904,,ADP,,0.0016961688220409402,TRUE,2026-08-22,U_2026-08-22_105850,ada3c779e8d04137
ACN,ACCENTURE PLC CL A,0.0016894370184993746,,ACN,,0.0016920223466977207,TRUE,2026-08-22,U_2026-08-22_105850,ada3c779e8d04137
ADBE,ADOBE INC,0.0016694863451641494,,ADBE,,0.0016720411430510456,TRUE,2026-08-22,U_2026-08-22_105850,ada3c779e8d04137
HWM,HOWMET AEROSPACE INC,0.001661496075492548,,HWM,,0.00166403864595145,TRUE,2026-08-22,U_2026-08-22_105850,ada3c779e8d04137
BNY,BANK OF NEW YORK MELLON CORP,0.0016377452739029944,,BNY,,0.0016402514987530277,TRUE,2026-08-22,U_2026-08-22_105850,ada3c779e8d04137
EQIX,EQUINIX INC,0.0016220447440101105,,EQIX,,0.0016245269424997547,TRUE,2026-08-22,U_2026-08-22_105850,ada3c779e8d04137
BX,BLACKSTONE INC,0.0015933537756899296,,BX,,0.0015957920686840606,TRUE,2026-08-22,U_2026-08-22_105850,ada3c779e8d04137
MPC,MARATHON PETROLEUM CORP,0.0015867835539449457,,MPC,,0.0015892117925959074,TRUE,2026-08-22,U_2026-08-22_105850,ada3c779e8d04137
SO,SOUTHERN CO/THE,0.0015639227823939059,,SO,,0.001566316037439868,TRUE,2026-08-22,U_2026-08-22_105850,ada3c779e8d04137
FCX,FREEPORT MCMORAN INC,0.0015569125457984207,,FCX,,0.0015592950731509862,TRUE,2026-08-22,U_2026-08-22_105850,ada3c779e8d04137
VRT,VERTIV HOLDINGS CO A,0.0015448121374096377,,VRT,,0.001547176147630948,TRUE,2026-08-22,U_2026-08-22_105850,ada3c779e8d04137
VLO,VALERO ENERGY CORP,0.0015385619264650181,,VLO,,0.0015409163720524156,TRUE,2026-08-22,U_2026-08-22_105850,ada3c779e8d04137
MCK,MCKESSON CORP,0.0015305916574684397,,MCK,,0.0015329339062346715,TRUE,2026-08-22,U_2026-08-22_105850,ada3c779e8d04137
INTU,INTUIT INC,0.0015217113577583243,,INTU,,0.0015240400170926927,TRUE,2026-08-22,U_2026-08-22_105850,ada3c779e8d04137
TT,TRANE TECHNOLOGIES PLC,0.0015129410617608346,,TT,,0.0015152563000008965,TRUE,2026-08-22,U_2026-08-22_105850,ada3c779e8d04137
PWR,QUANTA SERVICES INC,0.0015083909081931516,,PWR,,0.001510699183379725,TRUE,2026-08-22,U_2026-08-22_105850,ada3c779e8d04137
GD,GENERAL DYNAMICS CORP,0.0014901302918973517,,GD,,0.0014924106230494853,TRUE,2026-08-22,U_2026-08-22_105850,ada3c779e8d04137
CME,CME GROUP INC,0.001489090256796167,,CME,,0.0014913689963932176,TRUE,2026-08-22,U_2026-08-22_105850,ada3c779e8d04137
PNC,PNC FINANCIAL SERVICES GROUP,0.001472239688089473,,PNC,,0.0014744926414334944,TRUE,2026-08-22,U_2026-08-22_105850,ada3c779e8d04137
PSX,PHILLIPS 66,0.0014631893826416642,,PSX,,0.00146542848639578,TRUE,2026-08-22,U_2026-08-22_105850,ada3c779e8d04137
USB,US BANCORP,0.0014550991095949488,,USB,,0.0014573258328869278,TRUE,2026-08-22,U_2026-08-22_105850,ada3c779e8d04137
DUK,DUKE ENERGY CORP,0.0014510689735778583,,DUK,,0.0014532895295938902,TRUE,2026-08-22,U_2026-08-22_105850,ada3c779e8d04137
CSX,CSX CORP,0.0014402486083905334,,CSX,,0.0014424526061123353,TRUE,2026-08-22,U_2026-08-22_105850,ada3c779e8d04137
CMCSA,COMCAST CORP CLASS A,0.0014314083100304637,,CMCSA,,0.0014335987795340594,TRUE,2026-08-22,U_2026-08-22_105850,ada3c779e8d04137
FTNT,FORTINET INC,0.0014246680825477861,,FTNT,,0.0014268482375501704,TRUE,2026-08-22,U_2026-08-22_105850,ada3c779e8d04137
MMM,3M CO,0.0014124576704463777,,MMM,,0.0014146191399799497,TRUE,2026-08-22,U_2026-08-22_105850,ada3c779e8d04137
MRSH,MARSH + MCLENNAN COS,0.0013935470322123372,,MRSH,,0.0013956795629895425,TRUE,2026-08-22,U_2026-08-22_105850,ada3c779e8d04137
ICE,INTERCONTINENTAL EXCHANGE IN,0.0013640360362162222,,ICE,,0.0013661234066179447,TRUE,2026-08-22,U_2026-08-22_105850,ada3c779e8d04137
WMB,WILLIAMS COS INC,0.001330854916353427,,WMB,,0.001332891510026633,TRUE,2026-08-22,U_2026-08-22_105850,ada3c779e8d04137
JCI,JOHNSON CONTROLS INTERNATION,0.0013282648289379766,,JCI,,0.0013302974590268892,TRUE,2026-08-22,U_2026-08-22_105850,ada3c779e8d04137
CEG,CONSTELLATION ENERGY,0.0013266747752736655,,CEG,,0.0013287049721197107,TRUE,2026-08-22,U_2026-08-22_105850,ada3c779e8d04137
EMR,EMERSON ELECTRIC CO,0.001317884478601153,,EMR,,0.0013199012237460632,TRUE,2026-08-22,U_2026-08-22_105850,ada3c779e8d04137
CDNS,CADENCE DESIGN SYS INC,0.0013153743938857938,,CDNS,,0.0013173872978737245,TRUE,2026-08-22,U_2026-08-22_105850,ada3c779e8d04137
ELV,ELEVANCE HEALTH INC,0.0013087541704532527,,ELV,,0.0013107569435809431,TRUE,2026-08-22,U_2026-08-22_105850,ada3c779e8d04137
TMUS,T MOBILE US INC,0.0012824532827982944,,TMUS,,0.0012844158079464794,TRUE,2026-08-22,U_2026-08-22_105850,ada3c779e8d04137
DASH,DOORDASH INC A,0.0012795531849199911,,DASH,,0.0012815112720780406,TRUE,2026-08-22,U_2026-08-22_105850,ada3c779e8d04137
WM,WASTE MANAGEMENT INC,0.0012636326476018567,,WM,,0.0012655663717244035,TRUE,2026-08-22,U_2026-08-22_105850,ada3c779e8d04137
APP,APPLOVIN CORP CLASS A,0.001263332637476515,,APP,,0.0012652659024966339,TRUE,2026-08-22,U_2026-08-22_105850,ada3c779e8d04137
REGN,REGENERON PHARMACEUTICALS,0.0012562023968308931,,REGN,,0.0012581247505166443,TRUE,2026-08-22,U_2026-08-22_105850,ada3c779e8d04137
MDLZ,MONDELEZ INTERNATIONAL INC A,0.0012488321480849979,,MDLZ,,0.001250743223154439,TRUE,2026-08-22,U_2026-08-22_105850,ada3c779e8d04137
AMT,AMERICAN TOWER CORP,0.0012449620174680898,,AMT,,0.0012468671701162122,TRUE,2026-08-22,U_2026-08-22_105850,ada3c779e8d04137
CMI,CUMMINS INC,0.0012402618588377358,,CMI,,0.0012421598188811557,TRUE,2026-08-22,U_2026-08-22_105850,ada3c779e8d04137
EOG,EOG RESOURCES INC,0.0012327016036791242,,EOG,,0.001234587994341363,TRUE,2026-08-22,U_2026-08-22_105850,ada3c779e8d04137
SLB,SLB LTD,0.001217451088974253,,SLB,,0.0012193141419297446,TRUE,2026-08-22,U_2026-08-22_105850,ada3c779e8d04137
SHW,SHERWIN WILLIAMS CO/THE,0.0012072907460626797,,SHW,,0.0012091382507492827,TRUE,2026-08-22,U_2026-08-22_105850,ada3c779e8d04137
MSI,MOTOROLA SOLUTIONS INC,0.0011951903376738965,,MSI,,0.0011970193252292443,TRUE,2026-08-22,U_2026-08-22_105850,ada3c779e8d04137
MAR,MARRIOTT INTERNATIONAL CL A,0.0011869300588894876,,MAR,,0.001188746405824656,TRUE,2026-08-22,U_2026-08-22_105850,ada3c779e8d04137
GM,GENERAL MOTORS CO,0.0011812698678580404,,GM,,0.0011830775530607374,TRUE,2026-08-22,U_2026-08-22_105850,ada3c779e8d04137
NSC,NORFOLK SOUTHERN CORP,0.0011810698611078125,,NSC,,0.0011828772402422243,TRUE,2026-08-22,U_2026-08-22_105850,ada3c779e8d04137
TRV,TRAVELERS COS INC/THE,0.0011785297753799191,,TRV,,0.0011803332674471087,TRUE,2026-08-22,U_2026-08-22_105850,ada3c779e8d04137
ABNB,AIRBNB INC CLASS A,0.0011757096802017069,,ABNB,,0.001177508856706075,TRUE,2026-08-22,U_2026-08-22_105850,ada3c779e8d04137
DDOG,DATADOG INC CLASS A,0.0011700294884952368,,DDOG,,0.001171819972660305,TRUE,2026-08-22,U_2026-08-22_105850,ada3c779e8d04137
UPS,UNITED PARCEL SERVICE CL B,0.0011646393065765969,,UPS,,0.0011664215422013786,TRUE,2026-08-22,U_2026-08-22_105850,ada3c779e8d04137
SNPS,SYNOPSYS INC,0.0011591791222953776,,SNPS,,0.0011609530022559731,TRUE,2026-08-22,U_2026-08-22_105850,ada3c779e8d04137
NOC,NORTHROP GRUMMAN CORP,0.001144538628178701,,NOC,,0.001146290103940819,TRUE,2026-08-22,U_2026-08-22_105850,ada3c779e8d04137
AON,AON PLC CLASS A,0.0011431285805895948,,AON,,0.0011448778985703022,TRUE,2026-08-22,U_2026-08-22_105850,ada3c779e8d04137
HOOD,ROBINHOOD MARKETS INC A,0.0011415085259127496,,HOOD,,0.0011432553647403468,TRUE,2026-08-22,U_2026-08-22_105850,ada3c779e8d04137
HLT,HILTON WORLDWIDE HOLDINGS IN,0.0011405784945241902,,HLT,,0.0011423239101342611,TRUE,2026-08-22,U_2026-08-22_105850,ada3c779e8d04137
MCO,MOODY S CORP,0.0011395184587479827,,MCO,,0.001141262252196142,TRUE,2026-08-22,U_2026-08-22_105850,ada3c779e8d04137
ITW,ILLINOIS TOOL WORKS,0.0011257779950073314,,ITW,,0.0011275007615642967,TRUE,2026-08-22,U_2026-08-22_105850,ada3c779e8d04137
KKR,KKR + CO INC,0.0011251679744191368,,KKR,,0.0011268898074678322,TRUE,2026-08-22,U_2026-08-22_105850,ada3c779e8d04137
ORLY,O REILLY AUTOMOTIVE INC,0.0011225778870036865,,ORLY,,0.0011242957564680885,TRUE,2026-08-22,U_2026-08-22_105850,ada3c779e8d04137
ROST,ROSS STORES INC,0.0011218978640529119,,ROST,,0.001123614692885144,TRUE,2026-08-22,U_2026-08-22_105850,ada3c779e8d04137
BSX,BOSTON SCIENTIFIC CORP,0.0011158876612085658,,BSX,,0.0011175952926888275,TRUE,2026-08-22,U_2026-08-22_105850,ada3c779e8d04137
CI,THE CIGNA GROUP,0.0011037772524822714,,CI,,0.0011054663515278635,TRUE,2026-08-22,U_2026-08-22_105850,ada3c779e8d04137
CL,COLGATE PALMOLIVE CO,0.0010915168386933058,,CL,,0.0010931871757530146,TRUE,2026-08-22,U_2026-08-22_105850,ada3c779e8d04137
RCL,ROYAL CARIBBEAN CRUISES LTD,0.0010910768238428048,,RCL,,0.001092746487552286,TRUE,2026-08-22,U_2026-08-22_105850,ada3c779e8d04137
TGT,TARGET CORP,0.001091026822155248,,TGT,,0.001092696409347658,TRUE,2026-08-22,U_2026-08-22_105850,ada3c779e8d04137
FDX,FEDEX CORP,0.001088296730014638,,FDX,,0.0010899621393749548,TRUE,2026-08-22,U_2026-08-22_105850,ada3c779e8d04137
SPG,SIMON PROPERTY GROUP INC,0.0010844165990602185,,SPG,,0.0010860760706958021,TRUE,2026-08-22,U_2026-08-22_105850,ada3c779e8d04137
ECL,ECOLAB INC,0.001084306595347593,,ECL,,0.0010859658986456199,TRUE,2026-08-22,U_2026-08-22_105850,ada3c779e8d04137
HPE,HEWLETT PACKARD ENTERPRISE,0.001066836005715193,,HPE,,0.0010684685739485067,TRUE,2026-08-22,U_2026-08-22_105850,ada3c779e8d04137
WBD,WARNER BROS DISCOVERY INC,0.0010639459081744009,,WBD,,0.0010655740537209933,TRUE,2026-08-22,U_2026-08-22_105850,ada3c779e8d04137
HON,HONEYWELL INTERNATIONAL INC,0.001051825499110595,,HON,,0.0010534350969191037,TRUE,2026-08-22,U_2026-08-22_105850,ada3c779e8d04137
CTAS,CINTAS CORP,0.0010499254349834307,,CTAS,,0.00105153212514323,TRUE,2026-08-22,U_2026-08-22_105850,ada3c779e8d04137
URI,UNITED RENTALS INC,0.0010429652000755025,,URI,,0.0010445612390589762,TRUE,2026-08-22,U_2026-08-22_105850,ada3c779e8d04137
LITE,LUMENTUM HOLDINGS INC,0.001040165105572313,,LITE,,0.001041756859599794,TRUE,2026-08-22,U_2026-08-22_105850,ada3c779e8d04137
AEP,AMERICAN ELECTRIC POWER,0.001040015100509642,,AEP,,0.001041606624985909,TRUE,2026-08-22,U_2026-08-22_105850,ada3c779e8d04137
PCAR,PACCAR INC,0.0010319348278004384,,PCAR,,0.0010335139871179828,TRUE,2026-08-22,U_2026-08-22_105850,ada3c779e8d04137
MNST,MONSTER BEVERAGE CORP,0.0010306647849364916,,MNST,,0.001032242000720425,TRUE,2026-08-22,U_2026-08-22_105850,ada3c779e8d04137
DLR,DIGITAL REALTY TRUST INC,0.0010269246587072314,,DLR,,0.0010284961510142313,TRUE,2026-08-22,U_2026-08-22_105850,ada3c779e8d04137
APD,AIR PRODUCTS + CHEMICALS INC,0.001017344335371319,,APD,,0.0010189011670074574,TRUE,2026-08-22,U_2026-08-22_105850,ada3c779e8d04137
AJG,ARTHUR J GALLAGHER + CO,0.0010142742317553219,,AJG,,0.0010158263652432823,TRUE,2026-08-22,U_2026-08-22_105850,ada3c779e8d04137
TDG,TRANSDIGM GROUP INC,0.0010033738638679057,,TDG,,0.001004909316634322,TRUE,2026-08-22,U_2026-08-22_105850,ada3c779e8d04137
ALL,ALLSTATE CORP,9.96353626934909e-4,,ALL,,9.978783367045145e-4,TRUE,2026-08-22,U_2026-08-22_105850,ada3c779e8d04137
TRGP,TARGA RESOURCES CORP,9.864232917860978e-4,,TRGP,,9.879328052653426e-4,TRUE,2026-08-22,U_2026-08-22_105850,ada3c779e8d04137
MPWR,MONOLITHIC POWER SYSTEMS INC,9.783330187393825e-4,,MPWR,,9.798301517564905e-4,TRUE,2026-08-22,U_2026-08-22_105850,ada3c779e8d04137
HCA,HCA HEALTHCARE INC,9.593923794928078e-4,,HCA,,9.608605278433064e-4,TRUE,2026-08-22,U_2026-08-22_105850,ada3c779e8d04137
TFC,TRUIST FINANCIAL CORP,9.516521182589912e-4,,TFC,,9.531084217668522e-4,TRUE,2026-08-22,U_2026-08-22_105850,ada3c779e8d04137
BKR,BAKER HUGHES CO,9.472619700914907e-4,,BKR,,9.487115554004912e-4,TRUE,2026-08-22,U_2026-08-22_105850,ada3c779e8d04137
CRH,CRH PLC,9.458919238524301e-4,,CRH,,9.47339412593677e-4,TRUE,2026-08-22,U_2026-08-22_105850,ada3c779e8d04137
KMI,KINDER MORGAN INC,9.411217628594966e-4,,KMI,,9.425619518721411e-4,TRUE,2026-08-22,U_2026-08-22_105850,ada3c779e8d04137
COR,CENCORA INC,9.31181427373174e-4,,COR,,9.326064047920435e-4,TRUE,2026-08-22,U_2026-08-22_105850,ada3c779e8d04137
TER,TERADYNE INC,9.118307742886322e-4,,TER,,9.132261396009077e-4,TRUE,2026-08-22,U_2026-08-22_105850,ada3c779e8d04137
APO,APOLLO GLOBAL MANAGEMENT INC,9.11590766188359e-4,,APO,,9.129857642186922e-4,TRUE,2026-08-22,U_2026-08-22_105850,ada3c779e8d04137
OKE,ONEOK INC,9.063405889948786e-4,,OKE,,9.07727552732725e-4,TRUE,2026-08-22,U_2026-08-22_105850,ada3c779e8d04137
D,DOMINION ENERGY INC,9.023604546653449e-4,,D,,9.037413276443157e-4,TRUE,2026-08-22,U_2026-08-22_105850,ada3c779e8d04137
O,REALTY INCOME CORP,8.957402312328042e-4,,O,,8.971109733515345e-4,TRUE,2026-08-22,U_2026-08-22_105850,ada3c779e8d04137
FIX,COMFORT SYSTEMS USA INC,8.932501471924678e-4,,FIX,,8.946170787610472e-4,TRUE,2026-08-22,U_2026-08-22_105850,ada3c779e8d04137
TEL,TE CONNECTIVITY PLC,8.866799254474839e-4,,TEL,,8.880368026728941e-4,TRUE,2026-08-22,U_2026-08-22_105850,ada3c779e8d04137
FAST,FASTENAL CO,8.844098488323982e-4,,FAST,,8.857632521827713e-4,TRUE,2026-08-22,U_2026-08-22_105850,ada3c779e8d04137
SRE,SEMPRA,8.686193159019118e-4,,SRE,,8.699485551611675e-4,TRUE,2026-08-22,U_2026-08-22_105850,ada3c779e8d04137
COHR,COHERENT CORP,8.627091164326796e-4,,COHR,,8.640293113741074e-4,TRUE,2026-08-22,U_2026-08-22_105850,ada3c779e8d04137
DVN,DEVON ENERGY CORP,8.618890887567456e-4,,DVN,,8.63208028818204e-4,TRUE,2026-08-22,U_2026-08-22_105850,ada3c779e8d04137
GWW,WW GRAINGER INC,8.586189783905207e-4,,GWW,,8.59932914235516e-4,TRUE,2026-08-22,U_2026-08-22_105850,ada3c779e8d04137
NXPI,NXP SEMICONDUCTORS NV,8.561788960377413e-4,,NXPI,,8.574890978496569e-4,TRUE,2026-08-22,U_2026-08-22_105850,ada3c779e8d04137
CIEN,CIENA CORP,8.420684198091686e-4,,CIEN,,8.433570285035626e-4,TRUE,2026-08-22,U_2026-08-22_105850,ada3c779e8d04137
PYPL,PAYPAL HOLDINGS INC,8.356882044769011e-4,,PYPL,,8.369670495929969e-4,TRUE,2026-08-22,U_2026-08-22_105850,ada3c779e8d04137
AME,AMETEK INC,8.333781265117699e-4,,AME,,8.346534365391714e-4,TRUE,2026-08-22,U_2026-08-22_105850,ada3c779e8d04137
NUE,NUCOR CORP,8.328681092986889e-4,,NUE,,8.341426388519631e-4,TRUE,2026-08-22,U_2026-08-22_105850,ada3c779e8d04137
F,FORD MOTOR CO,8.326481018734382e-4,,F,,8.339222947515988e-4,TRUE,2026-08-22,U_2026-08-22_105850,ada3c779e8d04137
KEYS,KEYSIGHT TECHNOLOGIES IN,8.234677920379814e-4,,KEYS,,8.247279363818508e-4,TRUE,2026-08-22,U_2026-08-22_105850,ada3c779e8d04137
PSA,PUBLIC STORAGE,8.230977795500599e-4,,PSA,,8.243573576676017e-4,TRUE,2026-08-22,U_2026-08-22_105850,ada3c779e8d04137
CAH,CARDINAL HEALTH INC,8.13767464651932e-4,,CAH,,8.150127646839686e-4,TRUE,2026-08-22,U_2026-08-22_105850,ada3c779e8d04137
AFL,AFLAC INC,8.091773097342036e-4,,AFL,,8.104155854990946e-4,TRUE,2026-08-22,U_2026-08-22_105850,ada3c779e8d04137
CTVA,CORTEVA INC,8.081872763205758e-4,,CTVA,,8.094240370474552e-4,TRUE,2026-08-22,U_2026-08-22_105850,ada3c779e8d04137
ADSK,AUTODESK INC,8.05887198692956e-4,,ADSK,,8.071204396345554e-4,TRUE,2026-08-22,U_2026-08-22_105850,ada3c779e8d04137
DAL,DELTA AIR LINES INC,8.046471568415435e-4,,DAL,,8.058785001597745e-4,TRUE,2026-08-22,U_2026-08-22_105850,ada3c779e8d04137
HONA,HONEYWELL AEROSPACE INC,7.992269739103696e-4,,HONA,,8.004500227780714e-4,TRUE,2026-08-22,U_2026-08-22_105850,ada3c779e8d04137
EW,EDWARDS LIFESCIENCES CORP,7.865665466209485e-4,,EW,,7.877702213661966e-4,TRUE,2026-08-22,U_2026-08-22_105850,ada3c779e8d04137
BDX,BECTON DICKINSON AND CO,7.862365354830725e-4,,BDX,,7.8743970521565e-4,TRUE,2026-08-22,U_2026-08-22_105850,ada3c779e8d04137
CVNA,CARVANA CO,7.790262921373596e-4,,CVNA,,7.802184281082552e-4,TRUE,2026-08-22,U_2026-08-22_105850,ada3c779e8d04137
STT,STATE STREET CORP,7.704060012025406e-4,,STT,,7.715849456303436e-4,TRUE,2026-08-22,U_2026-08-22_105850,ada3c779e8d04137
MET,METLIFE INC,7.681359245874549e-4,,MET,,7.693113951402207e-4,TRUE,2026-08-22,U_2026-08-22_105850,ada3c779e8d04137
LHX,L3HARRIS TECHNOLOGIES INC,7.661758584352222e-4,,LHX,,7.673483295187931e-4,TRUE,2026-08-22,U_2026-08-22_105850,ada3c779e8d04137
WAB,WABTEC CORP,7.540954507214619e-4,,WAB,,7.55249435280606e-4,TRUE,2026-08-22,U_2026-08-22_105850,ada3c779e8d04137
AXON,AXON ENTERPRISE INC,7.531454186578798e-4,,AXON,,7.542979493926692e-4,TRUE,2026-08-22,U_2026-08-22_105850,ada3c779e8d04137
FITB,FIFTH THIRD BANCORP,7.493452904035511e-4,,FITB,,7.504920058409215e-4,TRUE,2026-08-22,U_2026-08-22_105850,ada3c779e8d04137
AMP,AMERIPRISE FINANCIAL INC,7.478352394393311e-4,,AMP,,7.48979644061148e-4,TRUE,2026-08-22,U_2026-08-22_105850,ada3c779e8d04137
ETR,ENTERGY CORP,7.473652235762957e-4,,ETR,,7.485089089376424e-4,TRUE,2026-08-22,U_2026-08-22_105850,ada3c779e8d04137
XEL,XCEL ENERGY INC,7.472252188511362e-4,,XEL,,7.483686899646833e-4,TRUE,2026-08-22,U_2026-08-22_105850,ada3c779e8d04137
AZO,AUTOZONE INC,7.423350538080661e-4,,AZO,,7.434710415520398e-4,TRUE,2026-08-22,U_2026-08-22_105850,ada3c779e8d04137
NKE,NIKE INC CL B,7.334547540979509e-4,,NKE,,7.345771524100612e-4,TRUE,2026-08-22,U_2026-08-22_105850,ada3c779e8d04137
ROK,ROCKWELL AUTOMATION INC,7.297846302312703e-4,,ROK,,7.30901412190347e-4,TRUE,2026-08-22,U_2026-08-22_105850,ada3c779e8d04137
GRMN,GARMIN LTD,7.281345745418908e-4,,GRMN,,7.292488314376146e-4,TRUE,2026-08-22,U_2026-08-22_105850,ada3c779e8d04137
VMRK,VIVMARK RESIDENTIAL,7.213143443591222e-4,,VMRK,,7.224181643263202e-4,TRUE,2026-08-22,U_2026-08-22_105850,ada3c779e8d04137
MRNA,MODERNA INC,7.159941648030621e-4,,MRNA,,7.170898433538736e-4,TRUE,2026-08-22,U_2026-08-22_105850,ada3c779e8d04137
CARR,CARRIER GLOBAL CORP,7.141141013509207e-4,,CARR,,7.152069028598511e-4,TRUE,2026-08-22,U_2026-08-22_105850,ada3c779e8d04137
EBAY,EBAY INC,7.0627383674199e-4,,EBAY,,7.073546403741402e-4,TRUE,2026-08-22,U_2026-08-22_105850,ada3c779e8d04137
EXC,EXELON CORP,7.011236629236238e-4,,EXC,,7.021965852974298e-4,TRUE,2026-08-22,U_2026-08-22_105850,ada3c779e8d04137
FERG,FERGUSON ENTERPRISES INC,6.998136187096315e-4,,FERG,,7.008845363361693e-4,TRUE,2026-08-22,U_2026-08-22_105850,ada3c779e8d04137
HUM,HUMANA INC,6.953734688545739e-4,,HUM,,6.964375917651801e-4,TRUE,2026-08-22,U_2026-08-22_105850,ada3c779e8d04137
CMG,CHIPOTLE MEXICAN GRILL INC,6.883732325966001e-4,,CMG,,6.89426643117224e-4,TRUE,2026-08-22,U_2026-08-22_105850,ada3c779e8d04137
VTR,VENTAS INC,6.852131259430005e-4,,VTR,,6.86261700584718e-4,TRUE,2026-08-22,U_2026-08-22_105850,ada3c779e8d04137
OXY,OCCIDENTAL PETROLEUM CORP,6.792829257987457e-4,,OXY,,6.803224255158067e-4,TRUE,2026-08-22,U_2026-08-22_105850,ada3c779e8d04137
CBRE,CBRE GROUP INC A,6.759528134074526e-4,,CBRE,,6.769872170875648e-4,TRUE,2026-08-22,U_2026-08-22_105850,ada3c779e8d04137
A,AGILENT TECHNOLOGIES INC,6.717726723276911e-4,,A,,6.728006791806425e-4,TRUE,2026-08-22,U_2026-08-22_105850,ada3c779e8d04137
VST,VISTRA CORP,6.697426038128788e-4,,VST,,6.707675040727352e-4,TRUE,2026-08-22,U_2026-08-22_105850,ada3c779e8d04137
RSG,REPUBLIC SERVICES INC,6.675425295603728e-4,,RSG,,6.685640630690919e-4,TRUE,2026-08-22,U_2026-08-22_105850,ada3c779e8d04137
NDAQ,NASDAQ INC,6.627823689049506e-4,,NDAQ,,6.637966179884818e-4,TRUE,2026-08-22,U_2026-08-22_105850,ada3c779e8d04137
KDP,KEURIG DR PEPPER INC,6.550421076711339e-4,,KDP,,6.560445119120275e-4,TRUE,2026-08-22,U_2026-08-22_105850,ada3c779e8d04137
IDXX,IDEXX LABORATORIES INC,6.550121066585998e-4,,IDXX,,6.560144649892505e-4,TRUE,2026-08-22,U_2026-08-22_105850,ada3c779e8d04137
XYZ,BLOCK INC,6.517319959548636e-4,,XYZ,,6.527293347656369e-4,TRUE,2026-08-22,U_2026-08-22_105850,ada3c779e8d04137
IQV,IQVIA HOLDINGS INC,6.499719365528587e-4,,IQV,,6.50966581962722e-4,TRUE,2026-08-22,U_2026-08-22_105850,ada3c779e8d04137
YUM,YUM BRANDS INC,6.385315504398274e-4,,YUM,,6.395086887437767e-4,TRUE,2026-08-22,U_2026-08-22_105850,ada3c779e8d04137
PRU,PRUDENTIAL FINANCIAL INC,6.363114755122987e-4,,PRU,,6.372852164582822e-4,TRUE,2026-08-22,U_2026-08-22_105850,ada3c779e8d04137
TTWO,TAKE TWO INTERACTIVE SOFTWRE,6.357214555991265e-4,,TTWO,,6.366942936436686e-4,TRUE,2026-08-22,U_2026-08-22_105850,ada3c779e8d04137
ROP,ROPER TECHNOLOGIES INC,6.296312500546894e-4,,ROP,,6.305947683199469e-4,TRUE,2026-08-22,U_2026-08-22_105850,ada3c779e8d04137
MSCI,MSCI INC,6.295112460045527e-4,,MSCI,,6.304745806288391e-4,TRUE,2026-08-22,U_2026-08-22_105850,ada3c779e8d04137
MCHP,MICROCHIP TECHNOLOGY INC,6.238710556481282e-4,,MCHP,,6.248257591467716e-4,TRUE,2026-08-22,U_2026-08-22_105850,ada3c779e8d04137
FANG,DIAMONDBACK ENERGY INC,6.227510178468524e-4,,FANG,,6.237040073630986e-4,TRUE,2026-08-22,U_2026-08-22_105850,ada3c779e8d04137
FLEX,FLEX LTD,6.168108173650861e-4,,FLEX,,6.177547166532616e-4,TRUE,2026-08-22,U_2026-08-22_105850,ada3c779e8d04137
WDAY,WORKDAY INC CLASS A,6.112406293712413e-4,,WDAY,,6.121760046576736e-4,TRUE,2026-08-22,U_2026-08-22_105850,ada3c779e8d04137
AIG,AMERICAN INTERNATIONAL GROUP,6.107306121581604e-4,,AIG,,6.116652069704655e-4,TRUE,2026-08-22,U_2026-08-22_105850,ada3c779e8d04137
IBKR,INTERACTIVE BROKERS GRO CL A,6.086605422933024e-4,,IBKR,,6.095919692988555e-4,TRUE,2026-08-22,U_2026-08-22_105850,ada3c779e8d04137
ED,CONSOLIDATED EDISON INC,6.070504879539685e-4,,ED,,6.079794511098257e-4,TRUE,2026-08-22,U_2026-08-22_105850,ada3c779e8d04137
SYY,SYSCO CORP,6.0397038400046e-4,,SYY,,6.04894633704725e-4,TRUE,2026-08-22,U_2026-08-22_105850,ada3c779e8d04137
WAT,WATERS CORP,6.035003681374247e-4,,WAT,,6.044238985812194e-4,TRUE,2026-08-22,U_2026-08-22_105850,ada3c779e8d04137
PAYX,PAYCHEX INC,6.028303455241615e-4,,PAYX,,6.037528506392007e-4,TRUE,2026-08-22,U_2026-08-22_105850,ada3c779e8d04137
PCG,P G + E CORP,6.014602992851009e-4,,PCG,,6.023807078323865e-4,TRUE,2026-08-22,U_2026-08-22_105850,ada3c779e8d04137
ADM,ARCHER DANIELS MIDLAND CO,5.987302071444911e-4,,ADM,,5.996464378596835e-4,TRUE,2026-08-22,U_2026-08-22_105850,ada3c779e8d04137
DHI,DR HORTON INC,5.909099432105835e-4,,DHI,,5.918142066558241e-4,TRUE,2026-08-22,U_2026-08-22_105850,ada3c779e8d04137
COIN,COINBASE GLOBAL INC CLASS A,5.829796755640503e-4,,COIN,,5.838718034017824e-4,TRUE,2026-08-22,U_2026-08-22_105850,ada3c779e8d04137
NTAP,NETAPP INC,5.793495530474153e-4,,NTAP,,5.802361257457708e-4,TRUE,2026-08-22,U_2026-08-22_105850,ada3c779e8d04137
VEEV,VEEVA SYSTEMS INC CLASS A,5.719993049765429e-4,,VEEV,,5.728746296654169e-4,TRUE,2026-08-22,U_2026-08-22_105850,ada3c779e8d04137
HIG,HARTFORD INSURANCE GROUP INC,5.716392928261329e-4,,HIG,,5.725140665920935e-4,TRUE,2026-08-22,U_2026-08-22_105850,ada3c779e8d04137
ODFL,OLD DOMINION FREIGHT LINE,5.691792097983308e-4,,ODFL,,5.700502189243833e-4,TRUE,2026-08-22,U_2026-08-22_105850,ada3c779e8d04137
PEG,PUBLIC SERVICE ENTERPRISE GP,5.654890852566275e-4,,PEG,,5.663544474228179e-4,TRUE,2026-08-22,U_2026-08-22_105850,ada3c779e8d04137
EXPE,EXPEDIA GROUP INC,5.642890447552605e-4,,EXPE,,5.651525705117397e-4,TRUE,2026-08-22,U_2026-08-22_105850,ada3c779e8d04137
IRM,IRON MOUNTAIN INC,5.56168770696011e-4,,IRM,,5.570198700801106e-4,TRUE,2026-08-22,U_2026-08-22_105850,ada3c779e8d04137
KVUE,KENVUE INC,5.527186542545811e-4,,KVUE,,5.535644739607608e-4,TRUE,2026-08-22,U_2026-08-22_105850,ada3c779e8d04137
UAL,UNITED AIRLINES HOLDINGS INC,5.51358608353032e-4,,UAL,,5.522023467948722e-4,TRUE,2026-08-22,U_2026-08-22_105850,ada3c779e8d04137
KMB,KIMBERLY CLARK CORP,5.485885148623767e-4,,KMB,,5.494280142584668e-4,TRUE,2026-08-22,U_2026-08-22_105850,ada3c779e8d04137
WEC,WEC ENERGY GROUP INC,5.375181412372667e-4,,WEC,,5.383406997537704e-4,TRUE,2026-08-22,U_2026-08-22_105850,ada3c779e8d04137
VMC,VULCAN MATERIALS CO,5.340080227707685e-4,,VMC,,5.348252097888668e-4,TRUE,2026-08-22,U_2026-08-22_105850,ada3c779e8d04137
EME,EMCOR GROUP INC,5.323879680939232e-4,,EME,,5.332026759589112e-4,TRUE,2026-08-22,U_2026-08-22_105850,ada3c779e8d04137
MTB,M + T BANK CORP,5.306279086919184e-4,,MTB,,5.314399231559965e-4,TRUE,2026-08-22,U_2026-08-22_105850,ada3c779e8d04137
DXCM,DEXCOM INC,5.276578084510352e-4,,DXCM,,5.28465277801078e-4,TRUE,2026-08-22,U_2026-08-22_105850,ada3c779e8d04137
ACGL,ARCH CAPITAL GROUP LTD,5.255477372361317e-4,,ACGL,,5.263519775657656e-4,TRUE,2026-08-22,U_2026-08-22_105850,ada3c779e8d04137
HBAN,HUNTINGTON BANCSHARES INC,5.243576970722762e-4,,HBAN,,5.251601162956131e-4,TRUE,2026-08-22,U_2026-08-22_105850,ada3c779e8d04137
NTRS,NORTHERN TRUST CORP,5.135173312099283e-4,,NTRS,,5.143031615322067e-4,TRUE,2026-08-22,U_2026-08-22_105850,ada3c779e8d04137
EQT,EQT CORP,5.125472984713234e-4,,EQT,,5.133316443624186e-4,TRUE,2026-08-22,U_2026-08-22_105850,ada3c779e8d04137
GEHC,GE HEALTHCARE TECHNOLOGY,5.123272910460728e-4,,GEHC,,5.131113002620542e-4,TRUE,2026-08-22,U_2026-08-22_105850,ada3c779e8d04137
JBL,JABIL INC,5.080071452411519e-4,,JBL,,5.087845433821728e-4,TRUE,2026-08-22,U_2026-08-22_105850,ada3c779e8d04137
RMD,RESMED INC,5.038870061864589e-4,,RMD,,5.046580993208044e-4,TRUE,2026-08-22,U_2026-08-22_105850,ada3c779e8d04137
CCI,CROWN CASTLE INC,5.012269164084288e-4,,CCI,,5.01993938834581e-4,TRUE,2026-08-22,U_2026-08-22_105850,ada3c779e8d04137
CCL,CARNIVAL CORP LTD,4.94606692975888e-4,,CCL,,4.953635845417998e-4,TRUE,2026-08-22,U_2026-08-22_105850,ada3c779e8d04137
WTW,WILLIS TOWERS WATSON PLC,4.901165414332734e-4,,WTW,,4.908665617661821e-4,TRUE,2026-08-22,U_2026-08-22_105850,ada3c779e8d04137
KR,KROGER CO,4.8582639664088666e-4,,KR,,4.8656985180907766e-4,TRUE,2026-08-22,U_2026-08-22_105850,ada3c779e8d04137
BIIB,BIOGEN INC,4.819062643364214e-4,,BIIB,,4.8264372056622224e-4,TRUE,2026-08-22,U_2026-08-22_105850,ada3c779e8d04137
MLM,MARTIN MARIETTA MATERIALS,4.797661921089837e-4,,MLM,,4.805003734081328e-4,TRUE,2026-08-22,U_2026-08-22_105850,ada3c779e8d04137
ZTS,ZOETIS INC,4.7827614181978646e-4,,ZTS,,4.7900804291021076e-4,TRUE,2026-08-22,U_2026-08-22_105850,ada3c779e8d04137
EXR,EXTRA SPACE STORAGE INC,4.730159642887948e-4,,EXR,,4.7373981578331805e-4,TRUE,2026-08-22,U_2026-08-22_105850,ada3c779e8d04137
CBOE,CBOE GLOBAL MARKETS INC,4.6902582962174975e-4,,CBOE,,4.6974357505398306e-4,TRUE,2026-08-22,U_2026-08-22_105850,ada3c779e8d04137
CASY,CASEY S GENERAL STORES INC,4.6609573073091217e-4,,CASY,,4.668089922627671e-4,TRUE,2026-08-22,U_2026-08-22_105850,ada3c779e8d04137
CPRT,COPART INC,4.626756153020165e-4,,CPRT,,4.6338364306619436e-4,TRUE,2026-08-22,U_2026-08-22_105850,ada3c779e8d04137
AEE,AMEREN CORPORATION,4.576854468838324e-4,,AEE,,4.5838583824429424e-4,TRUE,2026-08-22,U_2026-08-22_105850,ada3c779e8d04137
CNC,CENTENE CORP,4.5693542157047807e-4,,CNC,,4.576346651748704e-4,TRUE,2026-08-22,U_2026-08-22_105850,ada3c779e8d04137
RJF,RAYMOND JAMES FINANCIAL INC,4.546253436053467e-4,,RJF,,4.5532105212104485e-4,TRUE,2026-08-22,U_2026-08-22_105850,ada3c779e8d04137
HAL,HALLIBURTON CO,4.532552973662862e-4,,HAL,,4.539489093142306e-4,TRUE,2026-08-22,U_2026-08-22_105850,ada3c779e8d04137
STLD,STEEL DYNAMICS INC,4.5155523998934965e-4,,STLD,,4.522462503568698e-4,TRUE,2026-08-22,U_2026-08-22_105850,ada3c779e8d04137
ARES,ARES MANAGEMENT CORP A,4.4974517889978787e-4,,ARES,,4.5043341934932683e-4,TRUE,2026-08-22,U_2026-08-22_105850,ada3c779e8d04137
CFG,CITIZENS FINANCIAL GROUP,4.4828512962312477e-4,,CFG,,4.489711357741817e-4,TRUE,2026-08-22,U_2026-08-22_105850,ada3c779e8d04137
TDY,TELEDYNE TECHNOLOGIES INC,4.4675507798388195e-4,,TDY,,4.47438742712557e-4,TRUE,2026-08-22,U_2026-08-22_105850,ada3c779e8d04137
ON,ON SEMICONDUCTOR,4.4523502668215056e-4,,ON,,4.4591636529185805e-4,TRUE,2026-08-22,U_2026-08-22_105850,ada3c779e8d04137
VICI,VICI PROPERTIES INC,4.411048872899461e-4,,VICI,,4.41779905589564e-4,TRUE,2026-08-22,U_2026-08-22_105850,ada3c779e8d04137
CTSH,COGNIZANT TECH SOLUTIONS A,0.00043900481641255393,,CTSH,,4.396766209951771e-4,TRUE,2026-08-22,U_2026-08-22_105850,ada3c779e8d04137
LYV,LIVE NATION ENTERTAINMENT IN,4.380947856990174e-4,,LYV,,4.3876519767094285e-4,TRUE,2026-08-22,U_2026-08-22_105850,ada3c779e8d04137
DTE,DTE ENERGY COMPANY,4.370347499228099e-4,,DTE,,4.377035397328237e-4,TRUE,2026-08-22,U_2026-08-22_105850,ada3c779e8d04137
EIX,EDISON INTERNATIONAL,4.36884744860139e-4,,EIX,,4.37553305118939e-4,TRUE,2026-08-22,U_2026-08-22_105850,ada3c779e8d04137
ATO,ATMOS ENERGY CORP,4.306045329029855e-4,,ATO,,4.312634826176298e-4,TRUE,2026-08-22,U_2026-08-22_105850,ada3c779e8d04137
IR,INGERSOLL RAND INC,4.291744846388566e-4,,IR,,4.2983124596526165e-4,TRUE,2026-08-22,U_2026-08-22_105850,ada3c779e8d04137
MTD,METTLER TOLEDO INTERNATIONAL,4.2603437866027983e-4,,MTD,,4.2668633471460706e-4,TRUE,2026-08-22,U_2026-08-22_105850,ada3c779e8d04137
HSY,HERSHEY CO/THE,4.252343516593685e-4,,HSY,,4.258850834405549e-4,TRUE,2026-08-22,U_2026-08-22_105850,ada3c779e8d04137
Q,QNITY ELECTRONICS INC,4.2475433545882175e-4,,Q,,4.254043326761237e-4,TRUE,2026-08-22,U_2026-08-22_105850,ada3c779e8d04137
WSM,WILLIAMS SONOMA INC,4.219542409556323e-4,,WSM,,4.2259995321694126e-4,TRUE,2026-08-22,U_2026-08-22_105850,ada3c779e8d04137
OTIS,OTIS WORLDWIDE CORP,4.1875413295198717e-4,,OTIS,,4.1939494812073277e-4,TRUE,2026-08-22,U_2026-08-22_105850,ada3c779e8d04137
FISV,FISERV INC,4.1664406173708363e-4,,FISV,,4.1728164788542026e-4,TRUE,2026-08-22,U_2026-08-22_105850,ada3c779e8d04137
LH,LABCORP HOLDINGS INC,4.1509400942281807e-4,,LH,,4.1572922354194433e-4,TRUE,2026-08-22,U_2026-08-22_105850,ada3c779e8d04137
ES,EVERSOURCE ENERGY,4.1205390681935513e-4,,ES,,4.1268446870054617e-4,TRUE,2026-08-22,U_2026-08-22_105850,ada3c779e8d04137
HPQ,HP INC,4.101038410046339e-4,,HPQ,,4.1073141872004416e-4,TRUE,2026-08-22,U_2026-08-22_105850,ada3c779e8d04137
XYL,XYLEM INC,4.1007383999209975e-4,,XYL,,4.107013717972672e-4,TRUE,2026-08-22,U_2026-08-22_105850,ada3c779e8d04137
DOV,DOVER CORP,4.0963382514159856e-4,,DOV,,4.1026068359653855e-4,TRUE,2026-08-22,U_2026-08-22_105850,ada3c779e8d04137
CPAY,CORPAY INC,4.095838234540416e-4,,CPAY,,4.1021060539191026e-4,TRUE,2026-08-22,U_2026-08-22_105850,ada3c779e8d04137
AWK,AMERICAN WATER WORKS CO INC,4.0742375055158114e-4,,AWK,,4.0804722695196957e-4,TRUE,2026-08-22,U_2026-08-22_105850,ada3c779e8d04137
DGX,QUEST DIAGNOSTICS INC,4.061437073501231e-4,,DGX,,4.067652249134862e-4,TRUE,2026-08-22,U_2026-08-22_105850,ada3c779e8d04137
FICO,FAIR ISAAC CORP,4.047836614485739e-4,,FICO,,4.0540309774759754e-4,TRUE,2026-08-22,U_2026-08-22_105850,ada3c779e8d04137
DG,DOLLAR GENERAL CORP,4.0432364592304996e-4,,DG,,4.049423782650176e-4,TRUE,2026-08-22,U_2026-08-22_105850,ada3c779e8d04137
PPL,PPL CORP,4.027235919212274e-4,,PPL,,4.033398757169133e-4,TRUE,2026-08-22,U_2026-08-22_105850,ada3c779e8d04137
CNP,CENTERPOINT ENERGY INC,3.997634920178556e-4,,CNP,,4.003752460029204e-4,TRUE,2026-08-22,U_2026-08-22_105850,ada3c779e8d04137
TPR,TAPESTRY INC,3.994734822300253e-4,,TPR,,4.000847924160766e-4,TRUE,2026-08-22,U_2026-08-22_105850,ada3c779e8d04137
CINF,CINCINNATI FINANCIAL CORP,3.957233556632537e-4,,CINF,,3.963289270689573e-4,TRUE,2026-08-22,U_2026-08-22_105850,ada3c779e8d04137
SYF,SYNCHRONY FINANCIAL,3.9239324327196046e-4,,SYF,,3.929937186407153e-4,TRUE,2026-08-22,U_2026-08-22_105850,ada3c779e8d04137
RF,REGIONS FINANCIAL CORP,3.9217323584670984e-4,,RF,,3.9277337454035095e-4,TRUE,2026-08-22,U_2026-08-22_105850,ada3c779e8d04137
SW,SMURFIT WESTROCK PLC,3.8461298068809827e-4,,SW,,3.852015500005584e-4,TRUE,2026-08-22,U_2026-08-22_105850,ada3c779e8d04137
PPG,PPG INDUSTRIES INC,3.8110286222159997e-4,,PPG,,3.816860600356547e-4,TRUE,2026-08-22,U_2026-08-22_105850,ada3c779e8d04137
WST,WEST PHARMACEUTICAL SERVICES,3.800828277954381e-4,,WST,,3.806644646612382e-4,TRUE,2026-08-22,U_2026-08-22_105850,ada3c779e8d04137
DRI,DARDEN RESTAURANTS INC,3.795028082197774e-4,,DRI,,3.800835574875504e-4,TRUE,2026-08-22,U_2026-08-22_105850,ada3c779e8d04137
HUBB,HUBBELL INC,3.777327484802612e-4,,HUBB,,3.7831078904371006e-4,TRUE,2026-08-22,U_2026-08-22_105850,ada3c779e8d04137
OMC,OMNICOM GROUP,3.77342735317317e-4,,OMC,,3.779201790476097e-4,TRUE,2026-08-22,U_2026-08-22_105850,ada3c779e8d04137
VRSK,VERISK ANALYTICS INC,3.739626212384668e-4,,VRSK,,3.745348924147395e-4,TRUE,2026-08-22,U_2026-08-22_105850,ada3c779e8d04137
FE,FIRSTENERGY CORP,3.7349260537543143e-4,,FE,,3.7406415729123387e-4,TRUE,2026-08-22,U_2026-08-22_105850,ada3c779e8d04137
VLTO,VERALTO CORP,3.714225355105735e-4,,VLTO,,3.71990919619624e-4,TRUE,2026-08-22,U_2026-08-22_105850,ada3c779e8d04137
EXPD,EXPEDITORS INTL WASH INC,3.707825139098445e-4,,EXPD,,3.7134991860038227e-4,TRUE,2026-08-22,U_2026-08-22_105850,ada3c779e8d04137
NRG,NRG ENERGY INC,3.7008249028404707e-4,,NRG,,3.7064882373558664e-4,TRUE,2026-08-22,U_2026-08-22_105850,ada3c779e8d04137
PHM,PULTEGROUP INC,3.697524791461712e-4,,PHM,,3.703183075850402e-4,TRUE,2026-08-22,U_2026-08-22_105850,ada3c779e8d04137
TROW,T ROWE PRICE GROUP INC,3.655323367163642e-4,,TROW,,3.6609170711441523e-4,TRUE,2026-08-22,U_2026-08-22_105850,ada3c779e8d04137
EL,ESTEE LAUDER COMPANIES CL A,3.604421649230662e-4,,EL,,3.6099374588325863e-4,TRUE,2026-08-22,U_2026-08-22_105850,ada3c779e8d04137
DOW,DOW INC,3.5934212779681313e-4,,DOW,,3.598920253814369e-4,TRUE,2026-08-22,U_2026-08-22_105850,ada3c779e8d04137
DLTR,DOLLAR TREE INC,3.537419387904342e-4,,DLTR,,3.5428326646307204e-4,TRUE,2026-08-22,U_2026-08-22_105850,ada3c779e8d04137
STE,STERIS PLC,3.5163186757553066e-4,,STE,,3.5216996622775953e-4,TRUE,2026-08-22,U_2026-08-22_105850,ada3c779e8d04137
CHD,CHURCH + DWIGHT CO INC,3.5009181559877647e-4,,CHD,,3.506275575252092e-4,TRUE,2026-08-22,U_2026-08-22_105850,ada3c779e8d04137
EXE,EXPAND ENERGY CORP,3.4979180547343476e-4,,EXE,,3.503270882974397e-4,TRUE,2026-08-22,U_2026-08-22_105850,ada3c779e8d04137
FSLR,FIRST SOLAR INC,3.4945179399804746e-4,,FSLR,,3.4998655650596755e-4,TRUE,2026-08-22,U_2026-08-22_105850,ada3c779e8d04137
EFX,EQUIFAX INC,3.4840175855935143e-4,,EFX,,3.489349142087742e-4,TRUE,2026-08-22,U_2026-08-22_105850,ada3c779e8d04137
VRSN,VERISIGN INC,3.4468163300511393e-4,,VRSN,,3.4520909578443173e-4,TRUE,2026-08-22,U_2026-08-22_105850,ada3c779e8d04137
ULTA,ULTA BEAUTY INC,3.4107151116350175e-4,,ULTA,,3.4159344941027154e-4,TRUE,2026-08-22,U_2026-08-22_105850,ada3c779e8d04137
PKG,PACKAGING CORP OF AMERICA,3.3591133700762405e-4,,PKG,,3.3642537869263536e-4,TRUE,2026-08-22,U_2026-08-22_105850,ada3c779e8d04137
AMCR,AMCOR PLC,3.338412671427661e-4,,AMCR,,3.3435214102102553e-4,TRUE,2026-08-22,U_2026-08-22_105850,ada3c779e8d04137
KHC,KRAFT HEINZ CO/THE,3.330012387918093e-4,,KHC,,3.335108271832708e-4,TRUE,2026-08-22,U_2026-08-22_105850,ada3c779e8d04137
PFG,PRINCIPAL FINANCIAL GROUP,3.3032114833875644e-4,,PFG,,3.3082663541519615e-4,TRUE,2026-08-22,U_2026-08-22_105850,ada3c779e8d04137
CMS,CMS ENERGY CORP,3.265510210969621e-4,,CMS,,3.2705073878622556e-4,TRUE,2026-08-22,U_2026-08-22_105850,ada3c779e8d04137
GPN,GLOBAL PAYMENTS INC,3.2631101299668866e-4,,GPN,,3.2681036340400987e-4,TRUE,2026-08-22,U_2026-08-22_105850,ada3c779e8d04137
TPL,TEXAS PACIFIC LAND CORP,3.255509873458229e-4,,TPL,,3.2604917469366033e-4,TRUE,2026-08-22,U_2026-08-22_105850,ada3c779e8d04137
IFF,INTL FLAVORS + FRAGRANCES,3.2451095224463825e-4,,IFF,,3.250075480373926e-4,TRUE,2026-08-22,U_2026-08-22_105850,ada3c779e8d04137
IP,INTERNATIONAL PAPER CO,3.243109454944105e-4,,IP,,3.248072352188796e-4,TRUE,2026-08-22,U_2026-08-22_105850,ada3c779e8d04137
FFIV,F5 INC,3.238109286188409e-4,,FFIV,,3.24306453172597e-4,TRUE,2026-08-22,U_2026-08-22_105850,ada3c779e8d04137
INCY,INCYTE CORP,3.2241088136724614e-4,,INCY,,3.2290426344300574e-4,TRUE,2026-08-22,U_2026-08-22_105850,ada3c779e8d04137
GIS,GENERAL MILLS INC,3.214508489661526e-4,,GIS,,3.2194276191414324e-4,TRUE,2026-08-22,U_2026-08-22_105850,ada3c779e8d04137
BRO,BROWN + BROWN INC,3.1952078382645416e-4,,BRO,,3.2000974321549246e-4,TRUE,2026-08-22,U_2026-08-22_105850,ada3c779e8d04137
FIS,FIDELITY NATIONAL INFO SERV,3.1897076526332766e-4,,FIS,,3.1945888296458166e-4,TRUE,2026-08-22,U_2026-08-22_105850,ada3c779e8d04137
BR,BROADRIDGE FINANCIAL SOLUTIO,3.139305951575866e-4,,BR,,3.1441099993805325e-4,TRUE,2026-08-22,U_2026-08-22_105850,ada3c779e8d04137
SMCI,SUPER MICRO COMPUTER INC,3.123505418307868e-4,,SMCI,,3.128285286718003e-4,TRUE,2026-08-22,U_2026-08-22_105850,ada3c779e8d04137
JBHT,HUNT (JB) TRANSPRT SVCS INC,3.107504878289642e-4,,JBHT,,3.1122602612369604e-4,TRUE,2026-08-22,U_2026-08-22_105850,ada3c779e8d04137
WRB,WR BERKLEY CORP,3.093604409148809e-4,,WRB,,3.098338520350305e-4,TRUE,2026-08-22,U_2026-08-22_105850,ada3c779e8d04137
SNA,SNAP ON INC,3.082104021010709e-4,,SNA,,3.0868205332858055e-4,TRUE,2026-08-22,U_2026-08-22_105850,ada3c779e8d04137
KEY,KEYCORP,3.062203349363041e-4,,KEY,,3.066889407843759e-4,TRUE,2026-08-22,U_2026-08-22_105850,ada3c779e8d04137
NI,NISOURCE INC,3.0276021815736284e-4,,NI,,3.032235290241005e-4,TRUE,2026-08-22,U_2026-08-22_105850,ada3c779e8d04137
RDDT,REDDIT INC CL A,2.9759004366397367e-4,,RDDT,,2.9804544266553865e-4,TRUE,2026-08-22,U_2026-08-22_105850,ada3c779e8d04137
LUV,SOUTHWEST AIRLINES CO,2.9640000350011816e-4,,LUV,,2.968535813953861e-4,TRUE,2026-08-22,U_2026-08-22_105850,ada3c779e8d04137
CF,CF INDUSTRIES HOLDINGS INC,2.93659911021997e-4,,CF,,2.9410929578175757e-4,TRUE,2026-08-22,U_2026-08-22_105850,ada3c779e8d04137
EVRG,EVERGY INC,2.915398394695821e-4,,EVRG,,2.9198597990551944e-4,TRUE,2026-08-22,U_2026-08-22_105850,ada3c779e8d04137
ZBH,ZIMMER BIOMET HOLDINGS INC,2.911498263066379e-4,,ZBH,,2.915953699094191e-4,TRUE,2026-08-22,U_2026-08-22_105850,ada3c779e8d04137
SBAC,SBA COMMUNICATIONS CORP,2.9106982360654676e-4,,SBAC,,2.9151524478201383e-4,TRUE,2026-08-22,U_2026-08-22_105850,ada3c779e8d04137
DD,DUPONT DE NEMOURS INC,2.8562964000035005e-4,,DD,,2.860667361184594e-4,TRUE,2026-08-22,U_2026-08-22_105850,ada3c779e8d04137
STZ,CONSTELLATION BRANDS INC A,2.8450960219907425e-4,,STZ,,2.8494498433478645e-4,TRUE,2026-08-22,U_2026-08-22_105850,ada3c779e8d04137
L,LOEWS CORP,2.8407958768608444e-4,,L,,2.845143117749834e-4,TRUE,2026-08-22,U_2026-08-22_105850,ada3c779e8d04137
VTRS,VIATRIS INC,2.8304955292241115e-4,,VTRS,,2.834827007596413e-4,TRUE,2026-08-22,U_2026-08-22_105850,ada3c779e8d04137
ESS,ESSEX PROPERTY TRUST INC,2.810194844075988e-4,,ESS,,2.814495256517341e-4,TRUE,2026-08-22,U_2026-08-22_105850,ada3c779e8d04137
LEN,LENNAR CORP A,2.796294374935154e-4,,LEN,,2.800573515630685e-4,TRUE,2026-08-22,U_2026-08-22_105850,ada3c779e8d04137
TSCO,TRACTOR SUPPLY COMPANY,2.795394344559129e-4,,TSCO,,2.799672107947376e-4,TRUE,2026-08-22,U_2026-08-22_105850,ada3c779e8d04137
GPC,GENUINE PARTS CO,2.782193899044093e-4,,GPC,,2.786451461925516e-4,TRUE,2026-08-22,U_2026-08-22_105850,ada3c779e8d04137
FTV,FORTIVE CORP,2.75399294726197e-4,,FTV,,2.7582073545151785e-4,TRUE,2026-08-22,U_2026-08-22_105850,ada3c779e8d04137
LNT,ALLIANT ENERGY CORP,2.7131915702154947e-4,,LNT,,2.71734353953852e-4,TRUE,2026-08-22,U_2026-08-22_105850,ada3c779e8d04137
LDOS,LEIDOS HOLDINGS INC,2.704391273205471e-4,,LDOS,,2.708529775523947e-4,TRUE,2026-08-22,U_2026-08-22_105850,ada3c779e8d04137
NDSN,NORDSON CORP,2.6985910774488637e-4,,NDSN,,2.702720703787069e-4,TRUE,2026-08-22,U_2026-08-22_105850,ada3c779e8d04137
PTC,PTC INC,2.696791016696814e-4,,PTC,,2.700917888420452e-4,TRUE,2026-08-22,U_2026-08-22_105850,ada3c779e8d04137
LYB,LYONDELLBASELL INDU CL A,2.683790577932005e-4,,LYB,,2.687897555217105e-4,TRUE,2026-08-22,U_2026-08-22_105850,ada3c779e8d04137
WY,WEYERHAEUSER CO,2.679490432802107e-4,,WY,,2.6835908296190744e-4,TRUE,2026-08-22,U_2026-08-22_105850,ada3c779e8d04137
J,JACOBS SOLUTIONS INC,0.00026490894067674787,,J,,2.653143281205094e-4,TRUE,2026-08-22,U_2026-08-22_105850,ada3c779e8d04137
IEX,IDEX CORP,2.631188802622089e-4,,IEX,,2.635215283948178e-4,TRUE,2026-08-22,U_2026-08-22_105850,ada3c779e8d04137
ZBRA,ZEBRA TECHNOLOGIES CORP CL A,2.613388201851813e-4,,ZBRA,,2.617387443100518e-4,TRUE,2026-08-22,U_2026-08-22_105850,ada3c779e8d04137
CDW,CDW CORP/DE,2.5942875572050557e-4,,CDW,,2.598257568932523e-4,TRUE,2026-08-22,U_2026-08-22_105850,ada3c779e8d04137
NVR,NVR INC,2.5878873411977655e-4,,NVR,,2.5918475587401066e-4,TRUE,2026-08-22,U_2026-08-22_105850,ada3c779e8d04137
CHRW,C.H. ROBINSON WORLDWIDE INC,2.5775869935610327e-4,,CHRW,,2.581531448586685e-4,TRUE,2026-08-22,U_2026-08-22_105850,ada3c779e8d04137
CHTR,CHARTER COMMUNICATIONS INC A,2.5645865547962245e-4,,CHTR,,2.5685111153833385e-4,TRUE,2026-08-22,U_2026-08-22_105850,ada3c779e8d04137
BBY,BEST BUY CO INC,2.563086504169516e-4,,BBY,,2.567008769244491e-4,TRUE,2026-08-22,U_2026-08-22_105850,ada3c779e8d04137
BALL,BALL CORP,2.5346855456371653e-4,,BALL,,2.5385643490156404e-4,TRUE,2026-08-22,U_2026-08-22_105850,ada3c779e8d04137
INVH,INVITATION HOMES INC,2.515784907740636e-4,,INVH,,2.519634787666159e-4,TRUE,2026-08-22,U_2026-08-22_105850,ada3c779e8d04137
TSN,TYSON FOODS INC CL A,2.5053845567287895e-4,,TSN,,2.509218521103481e-4,TRUE,2026-08-22,U_2026-08-22_105850,ada3c779e8d04137
KIM,KIMCO REALTY CORP,2.477783625197351e-4,,KIM,,2.4815753521486834e-4,TRUE,2026-08-22,U_2026-08-22_105850,ada3c779e8d04137
AKAM,AKAMAI TECHNOLOGIES INC,2.433582133397002e-4,,AKAM,,2.437306219257303e-4,TRUE,2026-08-22,U_2026-08-22_105850,ada3c779e8d04137
BG,BUNGE GLOBAL SA,2.415081509000929e-4,,BG,,2.418777283544848e-4,TRUE,2026-08-22,U_2026-08-22_105850,ada3c779e8d04137
ALB,ALBEMARLE CORP,2.4030811039872597e-4,,ALB,,2.406758514434066e-4,TRUE,2026-08-22,U_2026-08-22_105850,ada3c779e8d04137
APA,APA CORP,2.386180533593009e-4,,APA,,2.389832081269715e-4,TRUE,2026-08-22,U_2026-08-22_105850,ada3c779e8d04137
GEN,GEN DIGITAL INC,2.3486792679252926e-4,,GEN,,2.3522734277985215e-4,TRUE,2026-08-22,U_2026-08-22_105850,ada3c779e8d04137
SWK,STANLEY BLACK + DECKER INC,2.3366788629116235e-4,,SWK,,2.34025465868774e-4,TRUE,2026-08-22,U_2026-08-22_105850,ada3c779e8d04137
MAA,MID AMERICA APARTMENT COMM,2.3363788527862815e-4,,MAA,,2.33995418945997e-4,TRUE,2026-08-22,U_2026-08-22_105850,ada3c779e8d04137
COO,COOPER COS INC/THE,2.259176247198343e-4,,COO,,2.2626334415139403e-4,TRUE,2026-08-22,U_2026-08-22_105850,ada3c779e8d04137
MAS,MASCO CORP,2.256876169570723e-4,,MAS,,2.2603298441010403e-4,TRUE,2026-08-22,U_2026-08-22_105850,ada3c779e8d04137
FDXF,FEDEX FREIGHT HOLDING CO,2.248175875935813e-4,,FDXF,,2.2516162364957237e-4,TRUE,2026-08-22,U_2026-08-22_105850,ada3c779e8d04137
HST,HOST HOTELS + RESORTS INC,2.2364754810474854e-4,,HST,,2.2398979366127113e-4,TRUE,2026-08-22,U_2026-08-22_105850,ada3c779e8d04137
DOC,HEALTHPEAK PROPERTIES INC,2.2310752987913344e-4,,DOC,,2.2344894905128594e-4,TRUE,2026-08-22,U_2026-08-22_105850,ada3c779e8d04137
TYL,TYLER TECHNOLOGIES INC,2.230275271790423e-4,,TYL,,2.2336882392388072e-4,TRUE,2026-08-22,U_2026-08-22_105850,ada3c779e8d04137
TXT,TEXTRON INC,2.2263751401609808e-4,,TXT,,2.2297821392778034e-4,TRUE,2026-08-22,U_2026-08-22_105850,ada3c779e8d04137
EG,EVEREST GROUP LTD,2.216974822900273e-4,,EG,,2.220367436807691e-4,TRUE,2026-08-22,U_2026-08-22_105850,ada3c779e8d04137
RL,RALPH LAUREN CORP,2.194574066874757e-4,,RL,,2.1979324011342312e-4,TRUE,2026-08-22,U_2026-08-22_105850,ada3c779e8d04137
MKC,MCCORMICK + CO NON VTG SHRS,2.139172197061651e-4,,MKC,,2.1424457504061218e-4,TRUE,2026-08-22,U_2026-08-22_105850,ada3c779e8d04137
CRL,CHARLES RIVER LABORATORIES,2.1349720553068667e-4,,CRL,,2.138239181217348e-4,TRUE,2026-08-22,U_2026-08-22_105850,ada3c779e8d04137
AIZ,ASSURANT INC,2.126071754921729e-4,,AIZ,,2.1293252607935183e-4,TRUE,2026-08-22,U_2026-08-22_105850,ada3c779e8d04137
AVY,AVERY DENNISON CORP,2.1240716874194505e-4,,AVY,,2.127322132608388e-4,TRUE,2026-08-22,U_2026-08-22_105850,ada3c779e8d04137
IVZ,INVESCO LTD,2.1185715017881855e-4,,IVZ,,2.1218135300992796e-4,TRUE,2026-08-22,U_2026-08-22_105850,ada3c779e8d04137
TRMB,TRIMBLE INC,2.115571400534768e-4,,TRMB,,2.1188088378215842e-4,TRUE,2026-08-22,U_2026-08-22_105850,ada3c779e8d04137
RVTY,REVVITY INC,2.1064710933994024e-4,,RVTY,,2.1096946045792413e-4,TRUE,2026-08-22,U_2026-08-22_105850,ada3c779e8d04137
ALLE,ALLEGION PLC,2.0900705398807208e-4,,ALLE,,2.0932689534611723e-4,TRUE,2026-08-22,U_2026-08-22_105850,ada3c779e8d04137
LVS,LAS VEGAS SANDS CORP,2.0845703542494558e-4,,LVS,,2.087760350952064e-4,TRUE,2026-08-22,U_2026-08-22_105850,ada3c779e8d04137
BAX,BAXTER INTERNATIONAL INC,2.083570320498317e-4,,BAX,,2.0867587868594992e-4,TRUE,2026-08-22,U_2026-08-22_105850,ada3c779e8d04137
FOXA,FOX CORP CLASS A,2.0616695813483705e-4,,FOXA,,2.0648245332323222e-4,TRUE,2026-08-22,U_2026-08-22_105850,ada3c779e8d04137
GL,GLOBE LIFE INC,2.01306794104301e-4,,GL,,2.0161485183336556e-4,TRUE,2026-08-22,U_2026-08-22_105850,ada3c779e8d04137
CSGP,COSTAR GROUP INC,2.003367613656961e-4,,CSGP,,2.0064333466357736e-4,TRUE,2026-08-22,U_2026-08-22_105850,ada3c779e8d04137
SJM,JM SMUCKER CO/THE,1.9959673638985317e-4,,SJM,,1.9990217723507916e-4,TRUE,2026-08-22,U_2026-08-22_105850,ada3c779e8d04137
SOLV,SOLVENTUM CORP,1.9831669318839514e-4,,SOLV,,1.9862017519659578e-4,TRUE,2026-08-22,U_2026-08-22_105850,ada3c779e8d04137
GDDY,GODADDY INC CLASS A,1.9774667395024582e-4,,GDDY,,1.980492836638336e-4,TRUE,2026-08-22,U_2026-08-22_105850,ada3c779e8d04137
IT,GARTNER INC,1.9724665707467626e-4,,IT,,1.9754850161755102e-4,TRUE,2026-08-22,U_2026-08-22_105850,ada3c779e8d04137
CLX,CLOROX COMPANY,1.9601661556077518e-4,,CLX,,1.963165777836959e-4,TRUE,2026-08-22,U_2026-08-22_105850,ada3c779e8d04137
LII,LENNOX INTERNATIONAL INC,1.9534659294751197e-4,,LII,,1.9564552984167725e-4,TRUE,2026-08-22,U_2026-08-22_105850,ada3c779e8d04137
REG,REGENCY CENTERS CORP,1.9171647043087707e-4,,REG,,1.9200985218566577e-4,TRUE,2026-08-22,U_2026-08-22_105850,ada3c779e8d04137
DECK,DECKERS OUTDOOR CORP,1.91126450517705e-4,,DECK,,1.9141892937105231e-4,TRUE,2026-08-22,U_2026-08-22_105850,ada3c779e8d04137
HAS,HASBRO INC,1.8981640630371277e-4,,HAS,,1.9010688040979197e-4,TRUE,2026-08-22,U_2026-08-22_105850,ada3c779e8d04137
TKO,TKO GROUP HOLDINGS INC,1.8703631247554608e-4,,TKO,,1.8732253223246084e-4,TRUE,2026-08-22,U_2026-08-22_105850,ada3c779e8d04137
LULU,LULULEMON ATHLETICA INC,1.8427621932240213e-4,,LULU,,1.8455821533698097e-4,TRUE,2026-08-22,U_2026-08-22_105850,ada3c779e8d04137
GNRC,GENERAC HOLDINGS INC,1.8337618894637695e-4,,GNRC,,1.8365680765367235e-4,TRUE,2026-08-22,U_2026-08-22_105850,ada3c779e8d04137
PNW,PINNACLE WEST CAPITAL,1.8324618455872887e-4,,PNW,,1.835266043216389e-4,TRUE,2026-08-22,U_2026-08-22_105850,ada3c779e8d04137
HII,HUNTINGTON INGALLS INDUSTRIE,1.7979606811729896e-4,,HII,,1.800712082022891e-4,TRUE,2026-08-22,U_2026-08-22_105850,ada3c779e8d04137
ECHO,ECHOSTAR CORP A,1.7859602761593205e-4,,ECHO,,1.7886933129121092e-4,TRUE,2026-08-22,U_2026-08-22_105850,ada3c779e8d04137
JKHY,JACK HENRY + ASSOCIATES INC,1.783160181656131e-4,,JKHY,,1.7858889334529266e-4,TRUE,2026-08-22,U_2026-08-22_105850,ada3c779e8d04137
TECH,BIO TECHNE CORP,1.7238581802135822e-4,,TECH,,1.726496182763813e-4,TRUE,2026-08-22,U_2026-08-22_105850,ada3c779e8d04137
UDR,UDR INC,1.6944571879300927e-4,,UDR,,1.6970501984423975e-4,TRUE,2026-08-22,U_2026-08-22_105850,ada3c779e8d04137
FDS,FACTSET RESEARCH SYSTEMS INC,1.661956091018072e-4,,FDS,,1.66449936543403e-4,TRUE,2026-08-22,U_2026-08-22_105850,ada3c779e8d04137
CPT,CAMDEN PROPERTY TRUST,1.6492556623786054e-4,,CPT,,1.6517795014584527e-4,TRUE,2026-08-22,U_2026-08-22_105850,ada3c779e8d04137
NWSA,NEWS CORP CLASS A,1.6450555206238212e-4,,NWSA,,1.647572932269679e-4,TRUE,2026-08-22,U_2026-08-22_105850,ada3c779e8d04137
ROL,ROLLINS INC,1.6248548388508112e-4,,ROL,,1.6273413375998629e-4,TRUE,2026-08-22,U_2026-08-22_105850,ada3c779e8d04137
AES,AES CORP,1.601754059199498e-4,,AES,,1.604205207061608e-4,TRUE,2026-08-22,U_2026-08-22_105850,ada3c779e8d04137
ALGN,ALIGN TECHNOLOGY INC,1.5932537723148158e-4,,ALGN,,1.5956919122748041e-4,TRUE,2026-08-22,U_2026-08-22_105850,ada3c779e8d04137
BEN,FRANKLIN TEMPLETON INC,1.583953458429222e-4,,BEN,,1.586377366213948e-4,TRUE,2026-08-22,U_2026-08-22_105850,ada3c779e8d04137
PNR,PENTAIR PLC,1.5676529082856547e-4,,PNR,,1.570051871505136e-4,TRUE,2026-08-22,U_2026-08-22_105850,ada3c779e8d04137
DPZ,DOMINO S PIZZA INC,1.5571525538986942e-4,,DPZ,,1.559535448533202e-4,TRUE,2026-08-22,U_2026-08-22_105850,ada3c779e8d04137
SWKS,SKYWORKS SOLUTIONS INC,1.553752439144821e-4,,SWKS,,1.5561301306184802e-4,TRUE,2026-08-22,U_2026-08-22_105850,ada3c779e8d04137
PODD,INSULET CORP,1.5467522028868476e-4,,PODD,,1.5491191819705244e-4,TRUE,2026-08-22,U_2026-08-22_105850,ada3c779e8d04137
BXP,BXP INC,1.5234514164853065e-4,,BXP,,1.5257827386137564e-4,TRUE,2026-08-22,U_2026-08-22_105850,ada3c779e8d04137
APTV,APTIV PLC,1.5154511464761936e-4,,APTV,,1.517770225873235e-4,TRUE,2026-08-22,U_2026-08-22_105850,ada3c779e8d04137
FRT,FEDERAL REALTY INVS TRUST,1.4065474709771454e-4,,FRT,,1.4086998961928895e-4,TRUE,2026-08-22,U_2026-08-22_105850,ada3c779e8d04137
UHS,UNIVERSAL HEALTH SERVICES B,1.4012472920961084e-4,,UHS,,1.4033916065022943e-4,TRUE,2026-08-22,U_2026-08-22_105850,ada3c779e8d04137
HSIC,HENRY SCHEIN INC,1.302343954108451e-4,,HSIC,,1.3043369177476004e-4,TRUE,2026-08-22,U_2026-08-22_105850,ada3c779e8d04137
FOX,FOX CORP CLASS B,1.28594340058977e-4,,FOX,,1.2879112666295322e-4,TRUE,2026-08-22,U_2026-08-22_105850,ada3c779e8d04137
WYNN,WYNN RESORTS LTD,1.2699428605715443e-4,,WYNN,,1.2718862411484894e-4,TRUE,2026-08-22,U_2026-08-22_105850,ada3c779e8d04137
ARE,ALEXANDRIA REAL ESTATE EQUIT,1.258142462308103e-4,,ARE,,1.2600677848562206e-4,TRUE,2026-08-22,U_2026-08-22_105850,ada3c779e8d04137
MGM,MGM RESORTS INTERNATIONAL,1.2453420302935227e-4,,MGM,,1.247247764471387e-4,TRUE,2026-08-22,U_2026-08-22_105850,ada3c779e8d04137
NCLH,NORWEGIAN CRUISE LINE HOLDIN,1.1774397385911775e-4,,NCLH,,1.1792415625862128e-4,TRUE,2026-08-22,U_2026-08-22_105850,ada3c779e8d04137
BLDR,BUILDERS FIRSTSOURCE INC,1.1499388104348523e-4,,BLDR,,1.1516985500406711e-4,TRUE,2026-08-22,U_2026-08-22_105850,ada3c779e8d04137
MOS,MOSAIC CO/THE,1.1366383615447022e-4,,MOS,,1.1383777476095545e-4,TRUE,2026-08-22,U_2026-08-22_105850,ada3c779e8d04137
HRL,HORMEL FOODS CORP,1.0679360428414459e-4,,HRL,,1.0695702944503284e-4,TRUE,2026-08-22,U_2026-08-22_105850,ada3c779e8d04137
AOS,SMITH (A.O.) CORP,1.0626358639604088e-4,,AOS,,1.064262004759733e-4,TRUE,2026-08-22,U_2026-08-22_105850,ada3c779e8d04137
TAP,MOLSON COORS BEVERAGE CO B,1.0395350843090954e-4,,TAP,,1.0411258742214778e-4,TRUE,2026-08-22,U_2026-08-22_105850,ada3c779e8d04137
ERIE,ERIE INDEMNITY COMPANY CL A,1.0130341899039093e-4,,ERIE,,1.0145844257685013e-4,TRUE,2026-08-22,U_2026-08-22_105850,ada3c779e8d04137
TTD,TRADE DESK INC/THE CLASS A,8.648291879850945e-5,,TTD,,8.661526272503454e-5,TRUE,2026-08-22,U_2026-08-22_105850,ada3c779e8d04137
DVA,DAVITA INC,8.563289011004121e-5,,DVA,,8.576393324635416e-5,TRUE,2026-08-22,U_2026-08-22_105850,ada3c779e8d04137
BF-B,BROWN FORMAN CORP CLASS B,7.27424550578582e-5,,BF-B,,7.285377209318933e-5,TRUE,2026-08-22,U_2026-08-22_105850,ada3c779e8d04137
NWS,NEWS CORP CLASS B,6.264211417135328e-5,,NWS,,6.273797475828126e-5,TRUE,2026-08-22,U_2026-08-22_105850,ada3c779e8d04137
PSKY,PARAMOUNT SKYDANCE CL B,4.918165988102098e-5,,PSKY,,4.9256922072354286e-5,TRUE,2026-08-22,U_2026-08-22_105850,ada3c779e8d04137
2602335D,CONTRA HOLOGIC INCORPO,3.000101253417303e-8,,2602335D,,3.0046922776954635e-8,TRUE,2026-08-22,U_2026-08-22_105850,ada3c779e8d04137
