"industry_raw","sector_native"
"Biotechnology: Pharmaceutical Preparations","Health Care"
"Major Banks","Finance"
"Computer Software: Prepackaged Software","Technology"
"Industrial Machinery/Components","Capital Goods"
"Real Estate Investment Trusts","Finance"
"Finance: Consumer Services","Finance"
"EDP Services","Technology"
"Biotechnology: Biological Products (No Diagnostic Substances)","Health Care"
"Medical/Dental Instruments","Health Care"
"Oil & Gas Production","Energy"
"Semiconductors","Technology"
"Business Services","Consumer Services"
"Telecommunications Equipment","Technology"
"Investment Managers","Finance"
"Computer Software: Programming Data Processing","Technology"
"Other Consumer Services","Consumer Services"
"Precious Metals","Basic Industries"
"Property-Casualty Insurers","Finance"
"Marine Transportation","Transportation"
"Major Chemicals","Basic Industries"
"Electric Utilities: Central","Public Utilities"
"Real Estate","Finance"
"Industrial Specialties","Basic Industries"
"Investment Bankers/Brokers/Service","Finance"
"Restaurants","Consumer Services"
"Services-Misc. Amusement & Recreation","Consumer Services"
"Blank Checks","Finance"
"Professional Services","Consumer Services"
"Metal Fabrications","Capital Goods"
"Medical Specialities","Health Care"
"Packaged Foods","Consumer Non-Durables"
"Other Specialty Stores","Consumer Services"
"Military/Government/Technical","Capital Goods"
"Metal Mining","Basic Industries"
"Auto Parts:O.E.M.","Consumer Durables"
"Diversified Commercial Services","Consumer Services"
"Beverages (Production/Distribution)","Consumer Non-Durables"
"Electrical Products","Capital Goods"
"Hotels/Resorts","Consumer Services"
"Savings Institutions","Finance"
"Commercial Banks","Finance"
"Homebuilding","Consumer Durables"
"Specialty Insurers","Finance"
"Aerospace","Capital Goods"
"Auto Manufacturing","Consumer Durables"
"Catalog/Specialty Distribution","Consumer Services"
"Medical/Nursing Services","Health Care"
"Biotechnology: Electromedical & Electrotherapeutic Apparatus","Health Care"
"Advertising","Consumer Services"
"Apparel","Consumer Non-Durables"
"Steel/Iron Ore","Basic Industries"
"Broadcasting","Public Utilities"
"Clothing/Shoe/Accessory Stores","Consumer Services"
"Medicinal Chemicals and Botanical Products","Health Care"
"Package Goods/Cosmetics","Consumer Non-Durables"
"Banks","Finance"
"Farming/Seeds/Milling","Consumer Non-Durables"
"Life Insurance","Finance"
"Mining & Quarrying of Nonmetallic Minerals (No Fuels)","Basic Industries"
"Transportation Services","Transportation"
"Consumer Electronics/Appliances","Consumer Durables"
"Natural Gas Distribution","Public Utilities"
"Biotechnology: Laboratory Analytical Instruments","Health Care"
"Home Furnishings","Consumer Durables"
"Power Generation","Public Utilities"
"Electronic Components","Technology"
"Finance Companies","Finance"
"Oilfield Services/Equipment","Energy"
"Radio And Television Broadcasting And Communications Equipment","Technology"
"Retail-Auto Dealers and Gas Stations","Consumer Services"
"Trucking Freight/Courier Services","Transportation"
"Trusts Except Educational Religious and Charitable","Finance"
"Air Freight/Delivery Services","Transportation"
"Engineering & Construction","Capital Goods"
"Finance/Investors Services","Finance"
"Recreational Games/Products/Toys","Consumer Durables"
"Biotechnology: In Vitro & In Vivo Diagnostic Substances","Health Care"
"Computer peripheral equipment","Technology"
"Containers/Packaging","Basic Industries"
"Cable & Other Pay Television Services","Public Utilities"
"Integrated Freight & Logistics","Transportation"
"RETAIL: Building Materials","Consumer Services"
"Integrated oil Companies","Energy"
"Oil and Gas Field Machinery","Energy"
"Computer Communications Equipment","Technology"
"Construction/Ag Equipment/Trucks","Capital Goods"
"Department/Specialty Retail Stores","Consumer Services"
"Environmental Services","Consumer Services"
"Food Chains","Consumer Services"
"Hospital/Nursing Management","Health Care"
"Movies/Entertainment","Consumer Services"
"Oil/Gas Transmission","Energy"
"Water Supply","Public Utilities"
"Office Equipment/Supplies/Services","Capital Goods"
"Agricultural Chemicals","Basic Industries"
"Biotechnology: Commercial Physical & Biological Resarch","Health Care"
"Building Products","Basic Industries"
"Coal Mining","Energy"
"Consumer Specialties","Miscellaneous"
"Building Materials","Basic Industries"
"Food Distributors","Consumer Non-Durables"
"Miscellaneous manufacturing industries","Miscellaneous"
"Multi-Sector Companies","Miscellaneous"
"Other Metals and Minerals","Basic Industries"
"Other Pharmaceuticals","Health Care"
"Publishing","Consumer Services"
"Railroads","Transportation"
"Computer Manufacturing","Technology"
"Misc Health and Biotechnology Services","Health Care"
"Building operators","Finance"
"Plastic Products","Basic Industries"
"Shoe Manufacturing","Consumer Non-Durables"
"Specialty Foods","Consumer Non-Durables"
"Automotive Aftermarket","Consumer Services"
"Forest Products","Basic Industries"
"Motor Vehicles","Consumer Durables"
"Newspapers/Magazines","Consumer Services"
"Oil Refining/Marketing","Energy"
"Ophthalmic Goods","Health Care"
"Paper","Basic Industries"
"Retail: Computer Software & Peripheral Equipment","Consumer Services"
"Water Sewer Pipeline Comm & Power Line Construction","Capital Goods"
"Fluid Controls","Capital Goods"
"Ordnance And Accessories","Capital Goods"
"Specialty Chemicals","Basic Industries"
"Auto & Home Supply Stores","Consumer Services"
"Garments and Clothing","Consumer Non-Durables"
"Meat/Poultry/Fish","Consumer Non-Durables"
"Rental/Leasing Companies","Finance"
"Textiles","Basic Industries"
"Accident &Health Insurance","Finance"
"Consumer Electronics/Video Chains","Consumer Services"
"Diversified Financial Services","Finance"
"Medical Electronics","Health Care"
"Pollution Control Equipment","Capital Goods"
"Retail-Drug Stores and Proprietary Stores","Consumer Services"
"Books","Consumer Services"
"Misc Corporate Leasing Services","Finance"
"Miscellaneous","Miscellaneous"
"Durable Goods","Miscellaneous"
"General Bldg Contractors - Nonresidential Bldgs","Capital Goods"
"Paints/Coatings","Basic Industries"
"Precision Instruments","Capital Goods"
"Wholesale Distributors","Consumer Services"
"Aluminum","Basic Industries"
"Professional and commerical equipment","Capital Goods"
"Tobacco","Consumer Non-Durables"
"Electronics Distribution","Technology"
"Managed Health Care","Health Care"
"Other Transportation","Transportation"
"Pharmaceuticals and Biotechnology","Health Care"
"Tools/Hardware","Capital Goods"
